user_id,age,gender,weight,height,fitness_level,primary_goal,secondary_goal,workout_days_per_week,session_duration,available_equipment,has_injuries
user_0,56,male,88.3,1.71,advanced,endurance,muscle_gain,4,101.39999999999999,full_gym,0
user_1,46,female,74.9,1.53,intermediate,general_fitness,strength,4,78.0,none,0
user_2,32,female,68.1,1.66,intermediate,endurance,strength,4,66.60000000000001,"barbell,dumbbells",0
user_3,25,male,53.2,1.7,beginner,general_fitness,endurance,3,35.4,dumbbells,0
user_4,38,male,46.1,1.79,beginner,strength,muscle_gain,3,38.4,none,0
user_5,56,female,58.0,1.68,advanced,endurance,weight_loss,5,95.4,full_gym,0
user_6,36,male,70.3,1.72,intermediate,endurance,strength,3,89.4,none,0
user_7,40,female,69.7,1.51,intermediate,endurance,general_fitness,3,76.2,"barbell,dumbbells",0
user_8,28,male,121.7,1.94,intermediate,weight_loss,strength,4,61.800000000000004,none,0
user_9,28,male,101.8,1.84,beginner,strength,muscle_gain,3,64.80000000000001,"barbell,dumbbells",0
user_10,41,male,120.8,1.67,beginner,strength,weight_loss,2,49.199999999999996,none,0
user_11,53,male,51.7,1.7,intermediate,muscle_gain,endurance,3,69.0,full_gym,0
user_12,57,male,112.5,1.61,intermediate,general_fitness,endurance,3,74.4,none,0
user_13,41,male,94.5,2.0,beginner,strength,weight_loss,3,70.8,full_gym,0
user_14,20,male,117.7,1.81,intermediate,strength,general_fitness,3,81.0,full_gym,0
user_15,39,female,42.5,1.75,beginner,strength,endurance,2,67.8,"barbell,dumbbells",0
user_16,19,female,64.0,1.53,intermediate,endurance,general_fitness,3,79.80000000000001,dumbbells,1
user_17,41,female,43.8,1.77,beginner,general_fitness,muscle_gain,3,71.39999999999999,"barbell,dumbbells",0
user_18,47,female,66.8,1.75,intermediate,general_fitness,strength,3,67.8,full_gym,0
user_19,55,female,75.2,1.67,beginner,weight_loss,endurance,2,82.2,dumbbells,0
user_20,19,male,89.0,1.77,intermediate,endurance,weight_loss,4,90.0,none,0
user_21,38,male,71.9,1.77,beginner,weight_loss,weight_loss,2,67.2,full_gym,0
user_22,50,female,71.0,1.68,beginner,general_fitness,muscle_gain,2,70.19999999999999,dumbbells,0
user_23,29,male,120.9,1.78,beginner,strength,strength,2,46.800000000000004,none,0
user_24,39,female,64.3,1.69,intermediate,endurance,weight_loss,4,75.0,none,0
user_25,42,female,63.7,1.71,intermediate,endurance,muscle_gain,3,85.19999999999999,full_gym,0
user_26,44,male,65.2,1.8,beginner,muscle_gain,muscle_gain,2,43.8,full_gym,0
user_27,59,male,53.9,1.75,intermediate,strength,weight_loss,4,88.8,full_gym,0
user_28,45,male,84.9,1.86,advanced,endurance,strength,5,98.39999999999999,none,0
user_29,33,female,78.0,1.68,intermediate,general_fitness,muscle_gain,3,77.4,none,0
user_30,32,male,108.2,1.8,beginner,endurance,strength,3,76.2,none,1
user_31,20,female,65.4,1.52,intermediate,weight_loss,weight_loss,4,61.800000000000004,"barbell,dumbbells",0
user_32,54,female,50.2,1.61,beginner,strength,weight_loss,2,88.8,"barbell,dumbbells",0
user_33,24,female,58.9,1.51,beginner,general_fitness,weight_loss,2,62.400000000000006,dumbbells,1
user_34,38,male,81.4,1.71,advanced,strength,endurance,5,91.2,none,1
user_35,26,male,127.6,1.73,beginner,muscle_gain,weight_loss,3,79.2,"barbell,dumbbells",0
user_36,56,female,59.3,1.56,intermediate,weight_loss,general_fitness,4,75.6,"barbell,dumbbells",0
user_37,35,male,96.9,1.71,intermediate,weight_loss,weight_loss,3,80.4,dumbbells,0
user_38,21,male,62.6,1.81,intermediate,general_fitness,endurance,4,78.0,"barbell,dumbbells",0
user_39,42,male,45.5,1.6,intermediate,strength,strength,3,78.60000000000001,none,0
user_40,31,female,48.8,1.51,beginner,general_fitness,endurance,2,88.8,"barbell,dumbbells",0
user_41,26,female,44.3,1.6,beginner,general_fitness,strength,3,64.80000000000001,full_gym,0
user_42,43,male,113.2,1.83,intermediate,endurance,endurance,4,87.0,full_gym,0
user_43,19,female,60.5,1.59,beginner,endurance,weight_loss,2,68.39999999999999,"barbell,dumbbells",0
user_44,37,male,124.2,1.76,beginner,endurance,endurance,2,90.0,full_gym,0
user_45,45,male,52.4,1.85,beginner,weight_loss,endurance,3,72.0,dumbbells,0
user_46,24,male,54.7,1.74,beginner,strength,weight_loss,3,50.4,none,1
user_47,25,male,88.1,1.95,beginner,strength,endurance,2,84.6,"barbell,dumbbells",0
user_48,52,female,59.7,1.71,beginner,general_fitness,general_fitness,3,73.8,dumbbells,0
user_49,31,female,79.7,1.54,intermediate,strength,strength,4,61.800000000000004,dumbbells,0
user_50,34,female,51.0,1.62,intermediate,muscle_gain,muscle_gain,3,85.19999999999999,"barbell,dumbbells",1
user_51,53,male,84.2,1.76,advanced,endurance,strength,5,100.19999999999999,dumbbells,0
user_52,57,male,122.1,1.89,beginner,strength,strength,3,67.8,dumbbells,1
user_53,21,male,96.7,1.72,beginner,endurance,muscle_gain,3,75.6,"barbell,dumbbells",0
user_54,19,female,73.0,1.79,beginner,strength,strength,3,48.6,none,0
user_55,23,male,114.8,1.6,intermediate,muscle_gain,endurance,4,88.2,dumbbells,0
user_56,59,female,65.5,1.52,intermediate,general_fitness,general_fitness,3,84.0,none,1
user_57,21,female,50.3,1.52,beginner,endurance,endurance,3,64.80000000000001,dumbbells,0
user_58,46,female,61.0,1.71,advanced,strength,weight_loss,4,100.19999999999999,dumbbells,0
user_59,35,female,44.6,1.62,beginner,weight_loss,general_fitness,2,33.6,none,0
user_60,43,female,58.2,1.61,intermediate,strength,general_fitness,3,62.400000000000006,"barbell,dumbbells",0
user_61,51,female,44.8,1.63,intermediate,weight_loss,endurance,4,64.80000000000001,none,0
user_62,27,male,87.5,1.63,advanced,endurance,general_fitness,5,105.0,full_gym,0
user_63,53,male,51.8,1.74,intermediate,muscle_gain,muscle_gain,3,73.8,"barbell,dumbbells",0
user_64,31,female,64.4,1.7,advanced,endurance,weight_loss,5,118.2,"barbell,dumbbells",0
user_65,48,female,67.1,1.61,beginner,muscle_gain,strength,2,37.2,"barbell,dumbbells",0
user_66,32,male,85.9,1.6,advanced,strength,weight_loss,5,119.4,"barbell,dumbbells",0
user_67,25,female,65.4,1.77,beginner,endurance,strength,3,53.4,"barbell,dumbbells",0
user_68,31,female,61.1,1.76,advanced,endurance,muscle_gain,4,108.60000000000001,"barbell,dumbbells",0
user_69,40,male,106.5,1.65,intermediate,general_fitness,general_fitness,4,79.2,full_gym,0
user_70,57,female,64.0,1.52,advanced,strength,endurance,5,103.8,dumbbells,0
user_71,38,female,61.4,1.54,intermediate,strength,strength,3,88.2,none,0
user_72,33,female,40.5,1.63,intermediate,endurance,strength,4,64.2,full_gym,0
user_73,35,male,70.1,1.79,intermediate,general_fitness,muscle_gain,3,64.80000000000001,full_gym,0
user_74,41,male,94.1,1.62,intermediate,strength,strength,4,67.8,"barbell,dumbbells",0
user_75,43,male,55.5,1.82,beginner,endurance,general_fitness,3,64.80000000000001,full_gym,1
user_76,42,female,53.7,1.72,beginner,muscle_gain,strength,3,82.2,dumbbells,1
user_77,58,female,66.1,1.75,beginner,endurance,muscle_gain,2,37.8,"barbell,dumbbells",0
user_78,46,male,103.9,1.77,beginner,muscle_gain,weight_loss,2,70.8,none,0
user_79,32,female,61.7,1.58,advanced,endurance,endurance,5,112.2,none,0
user_80,18,female,52.3,1.74,beginner,general_fitness,strength,2,72.0,full_gym,0
user_81,42,female,59.5,1.74,advanced,weight_loss,weight_loss,5,106.8,"barbell,dumbbells",1
user_82,24,female,72.9,1.76,beginner,strength,strength,3,51.6,none,0
user_83,26,female,76.7,1.63,beginner,strength,general_fitness,2,64.80000000000001,full_gym,1
user_84,41,male,72.1,1.83,intermediate,endurance,muscle_gain,3,67.8,"barbell,dumbbells",0
user_85,18,female,54.8,1.68,intermediate,endurance,general_fitness,4,76.2,dumbbells,0
user_86,25,male,105.0,1.88,intermediate,general_fitness,general_fitness,3,80.4,dumbbells,0
user_87,41,female,55.0,1.55,intermediate,muscle_gain,weight_loss,4,87.0,"barbell,dumbbells",0
user_88,28,male,81.6,1.66,intermediate,endurance,muscle_gain,4,65.4,full_gym,0
user_89,34,female,75.6,1.6,beginner,muscle_gain,general_fitness,2,38.4,none,0
user_90,25,male,81.5,1.61,advanced,strength,strength,4,115.8,dumbbells,0
user_91,52,female,61.5,1.69,advanced,general_fitness,weight_loss,4,108.0,dumbbells,1
user_92,52,male,74.0,1.63,intermediate,general_fitness,strength,3,75.6,dumbbells,0
user_93,50,female,56.4,1.59,beginner,muscle_gain,weight_loss,3,75.6,dumbbells,1
user_94,22,male,102.6,1.84,intermediate,strength,general_fitness,3,75.0,dumbbells,0
user_95,59,female,54.6,1.57,beginner,endurance,strength,3,34.8,dumbbells,1
user_96,56,male,129.0,1.78,beginner,weight_loss,general_fitness,2,77.4,none,0
user_97,58,male,103.5,1.66,beginner,strength,weight_loss,3,79.80000000000001,dumbbells,1
user_98,45,female,59.4,1.51,intermediate,muscle_gain,strength,4,69.0,"barbell,dumbbells",1
user_99,24,female,60.1,1.79,advanced,muscle_gain,muscle_gain,4,118.2,dumbbells,0
user_100,26,male,77.7,1.62,intermediate,endurance,general_fitness,3,69.6,full_gym,1
user_101,25,female,41.2,1.62,intermediate,strength,endurance,4,89.4,none,0
user_102,29,male,58.6,1.61,intermediate,strength,general_fitness,3,72.0,dumbbells,0
user_103,51,male,109.3,1.78,beginner,strength,endurance,3,32.400000000000006,dumbbells,0
user_104,50,male,69.6,1.96,beginner,muscle_gain,endurance,3,58.199999999999996,full_gym,1
user_105,40,female,56.2,1.79,advanced,muscle_gain,muscle_gain,5,107.4,dumbbells,0
user_106,41,male,71.7,1.96,beginner,endurance,strength,2,30.6,dumbbells,0
user_107,54,male,86.0,1.93,advanced,strength,muscle_gain,5,104.4,full_gym,0
user_108,52,female,79.4,1.59,intermediate,muscle_gain,endurance,3,83.39999999999999,full_gym,0
user_109,57,female,78.4,1.62,intermediate,weight_loss,endurance,4,60.6,"barbell,dumbbells",0
user_110,39,female,55.4,1.6,intermediate,muscle_gain,general_fitness,3,86.39999999999999,full_gym,0
user_111,44,female,61.7,1.55,intermediate,strength,endurance,4,84.6,full_gym,0
user_112,52,male,85.5,1.82,advanced,endurance,muscle_gain,4,106.8,"barbell,dumbbells",1
user_113,18,male,87.6,1.93,advanced,weight_loss,general_fitness,4,103.2,"barbell,dumbbells",0
user_114,52,male,82.4,1.72,intermediate,endurance,strength,4,60.6,"barbell,dumbbells",0
user_115,54,male,67.0,1.68,beginner,endurance,endurance,3,33.0,"barbell,dumbbells",0
user_116,31,female,42.3,1.6,intermediate,endurance,weight_loss,3,65.4,dumbbells,0
user_117,20,male,82.7,1.99,advanced,strength,strength,5,101.39999999999999,none,0
user_118,18,male,92.4,1.74,beginner,muscle_gain,weight_loss,2,84.6,"barbell,dumbbells",0
user_119,22,female,63.2,1.54,intermediate,general_fitness,general_fitness,4,61.2,dumbbells,0
user_120,43,male,82.7,1.85,intermediate,endurance,muscle_gain,4,73.2,none,0
user_121,31,male,86.6,1.76,intermediate,muscle_gain,general_fitness,3,77.4,full_gym,0
user_122,56,male,129.5,1.95,beginner,weight_loss,general_fitness,2,60.0,none,0
user_123,44,male,98.0,1.83,intermediate,weight_loss,endurance,4,76.8,"barbell,dumbbells",0
user_124,26,male,86.2,1.68,advanced,endurance,general_fitness,5,118.2,dumbbells,0
user_125,32,male,78.6,1.62,beginner,general_fitness,weight_loss,3,76.8,full_gym,0
user_126,32,female,59.0,1.66,beginner,endurance,endurance,2,30.6,full_gym,0
user_127,43,female,57.3,1.79,advanced,weight_loss,endurance,4,118.8,dumbbells,0
user_128,59,male,122.3,1.89,beginner,general_fitness,strength,3,39.6,full_gym,0
user_129,30,male,85.3,1.95,advanced,general_fitness,endurance,5,96.60000000000001,"barbell,dumbbells",1
user_130,49,female,45.2,1.74,intermediate,muscle_gain,strength,3,74.4,dumbbells,0
user_131,56,male,55.6,1.92,beginner,endurance,endurance,3,40.800000000000004,none,0
user_132,49,male,82.8,1.95,advanced,weight_loss,muscle_gain,5,114.6,dumbbells,0
user_133,21,male,125.2,1.66,intermediate,strength,weight_loss,3,82.8,dumbbells,0
user_134,47,female,58.5,1.79,intermediate,endurance,endurance,4,85.19999999999999,none,0
user_135,54,male,86.1,1.95,beginner,general_fitness,weight_loss,2,70.19999999999999,dumbbells,0
user_136,40,female,63.5,1.61,intermediate,strength,strength,3,78.60000000000001,"barbell,dumbbells",0
user_137,56,male,69.3,1.68,beginner,strength,muscle_gain,2,39.6,full_gym,0
user_138,32,female,70.5,1.62,beginner,weight_loss,strength,2,74.4,none,0
user_139,46,female,60.1,1.65,advanced,general_fitness,muscle_gain,4,101.39999999999999,none,0
user_140,53,male,94.1,1.95,beginner,general_fitness,general_fitness,3,53.4,full_gym,0
user_141,30,female,79.2,1.62,intermediate,general_fitness,strength,4,75.6,dumbbells,1
user_142,49,male,115.3,1.91,beginner,weight_loss,muscle_gain,2,82.8,full_gym,0
user_143,24,female,62.9,1.79,intermediate,general_fitness,weight_loss,4,85.19999999999999,"barbell,dumbbells",0
user_144,39,male,62.0,1.64,beginner,general_fitness,muscle_gain,3,58.199999999999996,dumbbells,0
user_145,45,male,88.5,1.78,advanced,general_fitness,muscle_gain,4,91.8,full_gym,0
user_146,19,female,73.9,1.77,intermediate,muscle_gain,general_fitness,3,76.8,none,0
user_147,59,male,50.3,1.95,beginner,strength,endurance,3,64.2,full_gym,0
user_148,23,male,83.1,1.8,beginner,muscle_gain,muscle_gain,3,42.0,none,0
user_149,45,female,65.1,1.78,beginner,general_fitness,endurance,3,87.6,dumbbells,1
user_150,45,male,46.6,1.79,intermediate,muscle_gain,strength,3,87.6,none,0
user_151,37,male,103.5,1.89,beginner,strength,general_fitness,2,32.400000000000006,none,0
user_152,47,female,61.9,1.54,advanced,weight_loss,muscle_gain,4,117.0,"barbell,dumbbells",1
user_153,28,female,52.0,1.61,intermediate,muscle_gain,weight_loss,3,79.2,none,0
user_154,45,male,113.4,1.71,beginner,muscle_gain,general_fitness,2,49.8,"barbell,dumbbells",1
user_155,42,male,62.9,1.98,intermediate,general_fitness,muscle_gain,4,85.19999999999999,"barbell,dumbbells",0
user_156,56,female,40.4,1.8,intermediate,general_fitness,muscle_gain,4,73.8,none,1
user_157,50,female,67.1,1.75,beginner,strength,strength,3,40.2,"barbell,dumbbells",0
user_158,18,male,70.0,1.61,beginner,strength,strength,2,78.0,none,1
user_159,44,female,69.5,1.75,beginner,strength,endurance,3,61.2,dumbbells,0
user_160,30,male,107.9,1.66,intermediate,endurance,weight_loss,3,64.80000000000001,full_gym,0
user_161,58,male,109.0,1.91,intermediate,strength,endurance,3,89.4,full_gym,1
user_162,20,male,101.0,1.91,intermediate,general_fitness,general_fitness,3,81.60000000000001,full_gym,0
user_163,56,male,88.5,1.85,advanced,endurance,strength,4,94.2,"barbell,dumbbells",0
user_164,23,male,80.9,1.8,advanced,weight_loss,endurance,4,93.0,none,0
user_165,25,female,43.1,1.62,intermediate,endurance,endurance,4,62.400000000000006,none,1
user_166,44,female,59.1,1.52,advanced,weight_loss,endurance,5,94.80000000000001,dumbbells,0
user_167,26,female,54.0,1.53,beginner,endurance,strength,3,68.39999999999999,"barbell,dumbbells",1
user_168,54,female,72.3,1.78,beginner,strength,weight_loss,2,76.2,"barbell,dumbbells",0
user_169,50,male,51.1,1.98,beginner,endurance,muscle_gain,2,55.2,dumbbells,0
user_170,59,male,89.4,1.72,beginner,endurance,weight_loss,3,64.80000000000001,full_gym,0
user_171,41,male,51.5,1.8,intermediate,strength,strength,4,65.4,dumbbells,0
user_172,32,male,87.9,1.88,advanced,weight_loss,endurance,5,91.2,dumbbells,0
user_173,49,female,42.0,1.52,beginner,endurance,general_fitness,3,66.0,dumbbells,0
user_174,49,male,79.2,1.72,beginner,muscle_gain,muscle_gain,3,87.6,full_gym,0
user_175,41,male,64.8,1.71,intermediate,general_fitness,strength,3,72.0,"barbell,dumbbells",0
user_176,58,female,63.0,1.78,advanced,endurance,strength,4,94.80000000000001,"barbell,dumbbells",1
user_177,29,female,56.2,1.77,beginner,weight_loss,general_fitness,3,40.800000000000004,"barbell,dumbbells",0
user_178,56,female,52.9,1.64,intermediate,strength,weight_loss,3,66.0,full_gym,0
user_179,19,female,49.0,1.69,beginner,endurance,general_fitness,3,63.0,none,0
user_180,20,male,128.2,1.84,beginner,weight_loss,general_fitness,3,49.8,dumbbells,0
user_181,54,male,83.6,1.86,advanced,strength,general_fitness,5,92.4,dumbbells,1
user_182,34,female,56.2,1.77,advanced,endurance,endurance,5,108.60000000000001,dumbbells,0
user_183,19,male,87.8,1.78,beginner,muscle_gain,weight_loss,2,76.8,"barbell,dumbbells",0
user_184,19,male,85.9,1.85,advanced,weight_loss,weight_loss,4,99.6,dumbbells,0
user_185,45,male,51.1,1.87,intermediate,weight_loss,strength,4,86.39999999999999,"barbell,dumbbells",1
user_186,40,female,57.4,1.71,advanced,weight_loss,strength,5,112.2,"barbell,dumbbells",0
user_187,54,male,114.9,1.92,intermediate,strength,general_fitness,4,72.0,"barbell,dumbbells",0
user_188,49,female,62.1,1.66,intermediate,strength,strength,3,82.2,none,1
user_189,50,male,57.1,1.91,intermediate,endurance,muscle_gain,4,65.4,full_gym,0
user_190,18,male,68.1,1.8,intermediate,strength,strength,4,66.0,dumbbells,0
user_191,36,male,69.2,1.65,beginner,weight_loss,strength,3,73.8,none,0
user_192,19,female,65.2,1.52,beginner,general_fitness,muscle_gain,3,73.8,full_gym,0
user_193,43,male,108.6,1.73,beginner,weight_loss,strength,2,79.80000000000001,dumbbells,0
user_194,49,female,40.0,1.65,intermediate,weight_loss,muscle_gain,3,61.800000000000004,none,0
user_195,23,female,41.9,1.58,beginner,weight_loss,general_fitness,3,33.6,full_gym,0
user_196,49,female,68.3,1.52,intermediate,endurance,strength,4,87.0,"barbell,dumbbells",1
user_197,21,male,88.4,1.6,advanced,strength,general_fitness,4,102.6,dumbbells,0
user_198,28,male,66.0,1.9,beginner,endurance,general_fitness,3,70.8,"barbell,dumbbells",1
user_199,34,male,71.9,1.64,intermediate,general_fitness,general_fitness,4,75.6,"barbell,dumbbells",0
user_200,55,male,75.6,1.71,intermediate,muscle_gain,weight_loss,4,61.800000000000004,none,0
user_201,41,female,63.4,1.59,advanced,muscle_gain,endurance,5,110.4,"barbell,dumbbells",1
user_202,22,female,71.6,1.77,beginner,weight_loss,endurance,3,89.4,"barbell,dumbbells",0
user_203,51,female,57.4,1.77,intermediate,strength,strength,4,64.80000000000001,none,0
user_204,23,male,83.8,1.99,advanced,general_fitness,endurance,4,107.4,"barbell,dumbbells",0
user_205,39,female,55.9,1.71,advanced,general_fitness,general_fitness,5,117.0,"barbell,dumbbells",0
user_206,28,male,87.0,1.76,intermediate,general_fitness,muscle_gain,3,72.0,none,0
user_207,33,female,65.3,1.71,intermediate,strength,strength,4,70.8,none,0
user_208,50,male,45.4,1.67,intermediate,weight_loss,strength,4,82.2,full_gym,0
user_209,26,male,87.1,1.87,advanced,general_fitness,muscle_gain,4,102.6,"barbell,dumbbells",0
user_210,23,female,78.6,1.73,intermediate,general_fitness,strength,4,88.2,full_gym,1
user_211,33,female,78.0,1.71,beginner,weight_loss,strength,3,64.80000000000001,dumbbells,0
user_212,46,female,58.0,1.53,advanced,general_fitness,weight_loss,4,109.80000000000001,"barbell,dumbbells",0
user_213,20,female,71.3,1.69,intermediate,endurance,strength,3,76.8,"barbell,dumbbells",0
user_214,37,male,49.1,1.74,intermediate,strength,strength,3,66.60000000000001,"barbell,dumbbells",0
user_215,53,female,78.3,1.65,beginner,weight_loss,muscle_gain,3,74.4,full_gym,1
user_216,36,female,57.3,1.64,intermediate,weight_loss,weight_loss,4,67.8,dumbbells,0
user_217,43,female,48.4,1.61,beginner,strength,strength,2,76.8,dumbbells,1
user_218,20,male,76.4,1.62,intermediate,general_fitness,weight_loss,4,81.0,none,0
user_219,36,male,110.2,1.77,beginner,strength,strength,2,71.39999999999999,"barbell,dumbbells",0
user_220,37,female,72.9,1.76,intermediate,strength,general_fitness,3,72.6,full_gym,0
user_221,49,male,82.1,1.86,advanced,endurance,strength,4,112.2,dumbbells,0
user_222,24,female,58.9,1.76,beginner,strength,endurance,3,37.8,"barbell,dumbbells",0
user_223,58,male,82.2,1.87,advanced,weight_loss,weight_loss,4,94.2,dumbbells,0
user_224,50,male,96.7,1.72,intermediate,muscle_gain,strength,3,87.6,full_gym,0
user_225,57,male,81.4,1.86,advanced,strength,muscle_gain,5,108.0,full_gym,0
user_226,56,male,107.8,1.73,intermediate,weight_loss,endurance,3,65.4,full_gym,0
user_227,35,female,65.8,1.62,intermediate,strength,weight_loss,4,60.0,dumbbells,0
user_228,57,female,68.5,1.56,intermediate,endurance,strength,4,87.0,full_gym,0
user_229,18,female,63.9,1.59,advanced,muscle_gain,general_fitness,4,112.2,full_gym,0
user_230,28,male,76.3,1.62,intermediate,strength,strength,3,69.6,full_gym,0
user_231,45,female,44.5,1.65,beginner,general_fitness,weight_loss,3,86.39999999999999,none,0
user_232,42,female,50.7,1.75,intermediate,muscle_gain,muscle_gain,3,77.4,full_gym,0
user_233,40,female,55.1,1.61,advanced,strength,weight_loss,4,93.0,dumbbells,0
user_234,48,male,73.7,1.61,intermediate,endurance,muscle_gain,4,81.60000000000001,dumbbells,0
user_235,47,male,55.6,1.77,intermediate,general_fitness,muscle_gain,4,72.0,dumbbells,1
user_236,59,male,86.9,1.76,intermediate,strength,weight_loss,3,67.8,dumbbells,0
user_237,52,female,60.3,1.68,advanced,strength,strength,4,96.0,full_gym,0
user_238,24,female,40.4,1.64,beginner,muscle_gain,general_fitness,2,59.4,"barbell,dumbbells",0
user_239,33,female,78.5,1.66,intermediate,endurance,strength,4,77.4,dumbbells,0
user_240,43,male,102.6,1.72,beginner,muscle_gain,strength,2,49.199999999999996,dumbbells,0
user_241,19,male,110.8,1.91,beginner,strength,weight_loss,2,78.60000000000001,"barbell,dumbbells",0
user_242,18,female,60.9,1.79,beginner,muscle_gain,weight_loss,2,66.60000000000001,none,0
user_243,29,male,55.7,1.61,beginner,general_fitness,weight_loss,3,84.6,dumbbells,0
user_244,22,male,110.5,1.92,intermediate,strength,muscle_gain,3,69.6,full_gym,0
user_245,54,male,55.2,1.71,beginner,muscle_gain,weight_loss,2,46.2,"barbell,dumbbells",0
user_246,49,male,46.5,1.72,intermediate,general_fitness,weight_loss,4,84.0,dumbbells,0
user_247,26,female,70.9,1.66,beginner,general_fitness,endurance,3,48.6,full_gym,0
user_248,58,male,74.6,1.75,beginner,muscle_gain,general_fitness,2,65.4,full_gym,1
user_249,52,male,45.1,1.72,beginner,endurance,general_fitness,2,55.800000000000004,dumbbells,0
user_250,36,male,99.9,1.99,beginner,general_fitness,weight_loss,3,79.80000000000001,"barbell,dumbbells",1
user_251,33,male,117.0,1.61,intermediate,general_fitness,weight_loss,3,62.400000000000006,full_gym,0
user_252,20,female,75.9,1.73,intermediate,endurance,strength,4,83.39999999999999,none,0
user_253,37,female,71.2,1.64,intermediate,muscle_gain,endurance,3,66.60000000000001,full_gym,0
user_254,41,male,78.8,1.72,intermediate,general_fitness,strength,4,60.6,full_gym,1
user_255,50,male,50.6,1.69,beginner,endurance,strength,2,78.60000000000001,"barbell,dumbbells",0
user_256,41,male,82.5,1.79,advanced,general_fitness,weight_loss,4,101.39999999999999,full_gym,1
user_257,28,male,108.5,1.79,intermediate,general_fitness,strength,4,79.80000000000001,"barbell,dumbbells",0
user_258,25,male,49.9,1.98,intermediate,strength,endurance,3,69.0,dumbbells,0
user_259,53,male,125.1,1.91,beginner,weight_loss,general_fitness,2,31.200000000000003,"barbell,dumbbells",0
user_260,55,female,79.7,1.66,beginner,general_fitness,muscle_gain,2,63.6,"barbell,dumbbells",0
user_261,57,male,126.8,1.63,beginner,muscle_gain,weight_loss,2,57.599999999999994,none,1
user_262,37,female,54.6,1.57,beginner,general_fitness,strength,3,78.60000000000001,full_gym,0
user_263,52,female,47.8,1.54,intermediate,strength,endurance,3,80.4,dumbbells,0
user_264,42,male,97.9,1.91,intermediate,strength,strength,3,60.6,none,1
user_265,52,female,63.1,1.54,intermediate,weight_loss,strength,3,81.60000000000001,"barbell,dumbbells",0
user_266,42,female,72.4,1.69,intermediate,endurance,strength,3,64.2,full_gym,0
user_267,46,female,58.9,1.7,advanced,weight_loss,strength,4,91.2,full_gym,0
user_268,35,female,50.4,1.6,intermediate,endurance,strength,4,61.800000000000004,full_gym,0
user_269,35,female,64.2,1.59,advanced,endurance,strength,5,97.8,dumbbells,0
user_270,19,female,58.8,1.77,beginner,strength,general_fitness,2,84.0,dumbbells,0
user_271,52,male,105.2,1.62,beginner,muscle_gain,strength,3,81.60000000000001,full_gym,0
user_272,33,female,45.9,1.5,beginner,muscle_gain,weight_loss,3,55.2,none,0
user_273,58,female,65.2,1.63,intermediate,strength,weight_loss,3,67.2,none,0
user_274,53,female,56.3,1.79,advanced,strength,general_fitness,5,91.2,dumbbells,0
user_275,50,male,90.0,1.7,beginner,general_fitness,general_fitness,2,48.6,full_gym,0
user_276,21,female,60.0,1.7,advanced,weight_loss,weight_loss,5,118.2,"barbell,dumbbells",0
user_277,50,male,51.5,1.71,beginner,weight_loss,strength,2,88.8,full_gym,0
user_278,31,female,63.1,1.64,advanced,strength,endurance,4,92.4,full_gym,0
user_279,38,male,91.5,1.77,beginner,muscle_gain,muscle_gain,2,48.0,"barbell,dumbbells",0
user_280,37,male,48.7,1.67,beginner,muscle_gain,muscle_gain,2,83.39999999999999,"barbell,dumbbells",0
user_281,25,female,57.8,1.56,intermediate,general_fitness,general_fitness,3,81.0,none,0
user_282,24,female,42.0,1.75,beginner,muscle_gain,strength,3,49.8,dumbbells,0
user_283,20,male,128.4,1.92,beginner,endurance,endurance,2,37.8,dumbbells,0
user_284,34,female,74.2,1.57,beginner,strength,strength,3,88.2,full_gym,0
user_285,50,male,89.6,1.68,advanced,weight_loss,weight_loss,5,107.4,none,0
user_286,29,male,125.9,2.0,intermediate,muscle_gain,strength,4,81.60000000000001,none,0
user_287,39,male,105.5,1.99,beginner,muscle_gain,general_fitness,2,48.6,full_gym,0
user_288,39,male,93.4,1.7,intermediate,general_fitness,general_fitness,4,66.0,dumbbells,1
user_289,47,male,82.1,1.84,intermediate,general_fitness,muscle_gain,4,82.2,full_gym,0
user_290,55,female,42.9,1.69,beginner,general_fitness,weight_loss,2,54.0,none,0
user_291,55,male,128.4,1.68,intermediate,weight_loss,strength,4,67.8,full_gym,0
user_292,25,male,112.4,1.96,beginner,endurance,endurance,2,85.19999999999999,dumbbells,0
user_293,44,female,77.7,1.79,beginner,endurance,strength,3,84.6,"barbell,dumbbells",0
user_294,44,male,89.3,1.99,intermediate,weight_loss,endurance,4,84.0,"barbell,dumbbells",0
user_295,51,female,70.3,1.55,beginner,muscle_gain,weight_loss,3,84.0,"barbell,dumbbells",0
user_296,38,female,59.1,1.72,intermediate,strength,general_fitness,3,64.2,dumbbells,0
user_297,47,female,49.9,1.69,intermediate,strength,muscle_gain,3,88.8,full_gym,0
user_298,50,male,101.7,1.67,beginner,weight_loss,endurance,2,31.8,"barbell,dumbbells",0
user_299,45,male,93.0,1.91,intermediate,endurance,weight_loss,3,61.800000000000004,"barbell,dumbbells",1
user_300,50,male,87.4,1.6,beginner,muscle_gain,muscle_gain,2,46.2,full_gym,0
user_301,22,female,55.1,1.61,advanced,general_fitness,general_fitness,4,97.2,dumbbells,0
user_302,36,male,123.7,1.69,intermediate,muscle_gain,strength,4,78.0,none,0
user_303,21,female,61.3,1.57,advanced,endurance,weight_loss,4,116.39999999999999,none,0
user_304,52,male,72.3,1.94,intermediate,endurance,endurance,3,87.6,none,0
user_305,34,female,69.2,1.53,beginner,strength,general_fitness,2,81.60000000000001,none,0
user_306,45,male,81.4,1.61,intermediate,general_fitness,weight_loss,4,68.39999999999999,"barbell,dumbbells",0
user_307,47,male,84.8,1.86,advanced,muscle_gain,strength,5,111.0,dumbbells,1
user_308,46,male,55.1,1.72,intermediate,muscle_gain,muscle_gain,3,85.8,"barbell,dumbbells",0
user_309,23,female,59.0,1.78,advanced,weight_loss,strength,5,100.19999999999999,dumbbells,0
user_310,52,female,64.9,1.51,advanced,general_fitness,general_fitness,4,109.80000000000001,none,0
user_311,58,male,109.7,1.75,beginner,general_fitness,muscle_gain,2,60.6,none,0
user_312,54,male,78.4,1.9,beginner,muscle_gain,weight_loss,2,48.6,"barbell,dumbbells",0
user_313,41,female,76.7,1.79,intermediate,strength,strength,4,84.0,dumbbells,0
user_314,46,female,63.1,1.61,intermediate,general_fitness,weight_loss,4,60.0,"barbell,dumbbells",0
user_315,48,female,62.9,1.58,advanced,muscle_gain,muscle_gain,4,118.8,none,1
user_316,52,male,85.6,1.74,advanced,general_fitness,weight_loss,4,110.4,full_gym,0
user_317,50,female,66.3,1.57,beginner,general_fitness,strength,2,75.0,none,0
user_318,38,male,61.3,1.97,beginner,general_fitness,general_fitness,3,82.2,"barbell,dumbbells",1
user_319,49,female,44.1,1.65,intermediate,muscle_gain,strength,4,69.6,full_gym,0
user_320,40,male,63.8,1.62,beginner,endurance,strength,2,78.0,dumbbells,0
user_321,50,female,55.4,1.55,advanced,endurance,strength,4,111.0,none,0
user_322,20,female,74.7,1.58,intermediate,weight_loss,strength,3,62.400000000000006,none,1
user_323,35,female,78.0,1.67,intermediate,weight_loss,muscle_gain,4,67.8,none,1
user_324,42,female,57.5,1.67,beginner,endurance,general_fitness,2,68.39999999999999,"barbell,dumbbells",0
user_325,59,female,60.7,1.73,intermediate,weight_loss,muscle_gain,3,61.800000000000004,dumbbells,1
user_326,48,male,69.0,1.74,intermediate,weight_loss,general_fitness,3,88.8,dumbbells,0
user_327,20,female,75.8,1.78,intermediate,strength,endurance,4,85.19999999999999,none,0
user_328,57,female,75.7,1.63,beginner,muscle_gain,endurance,3,41.4,none,0
user_329,41,female,71.2,1.64,intermediate,strength,muscle_gain,3,85.19999999999999,"barbell,dumbbells",0
user_330,49,male,85.0,1.68,advanced,general_fitness,general_fitness,4,109.2,dumbbells,0
user_331,39,female,63.6,1.56,beginner,muscle_gain,weight_loss,2,73.2,none,0
user_332,40,male,73.2,1.94,beginner,endurance,weight_loss,2,48.6,"barbell,dumbbells",0
user_333,19,female,48.3,1.52,beginner,weight_loss,muscle_gain,2,57.599999999999994,full_gym,0
user_334,44,female,42.8,1.78,intermediate,endurance,strength,3,89.4,"barbell,dumbbells",0
user_335,59,male,88.1,1.76,intermediate,general_fitness,endurance,3,81.0,dumbbells,0
user_336,19,female,72.4,1.75,intermediate,endurance,general_fitness,4,72.0,none,1
user_337,43,male,73.2,1.88,beginner,weight_loss,general_fitness,3,70.19999999999999,full_gym,0
user_338,34,male,110.5,1.86,beginner,endurance,endurance,2,85.19999999999999,dumbbells,0
user_339,57,female,46.1,1.76,intermediate,general_fitness,strength,3,86.39999999999999,full_gym,0
user_340,50,male,90.8,1.71,intermediate,strength,weight_loss,4,64.2,full_gym,0
user_341,26,female,59.3,1.51,advanced,general_fitness,strength,5,102.0,full_gym,0
user_342,56,female,45.1,1.73,beginner,endurance,muscle_gain,3,49.8,full_gym,0
user_343,46,male,45.0,1.77,intermediate,muscle_gain,general_fitness,3,88.8,full_gym,0
user_344,59,male,89.4,1.62,intermediate,general_fitness,weight_loss,3,85.8,dumbbells,0
user_345,43,male,127.7,1.69,intermediate,muscle_gain,endurance,3,68.39999999999999,"barbell,dumbbells",1
user_346,52,male,70.9,1.72,intermediate,endurance,strength,3,78.60000000000001,none,0
user_347,42,female,49.2,1.5,intermediate,endurance,strength,3,69.0,"barbell,dumbbells",0
user_348,41,female,62.3,1.79,advanced,weight_loss,strength,5,119.4,none,0
user_349,30,male,64.1,1.87,beginner,muscle_gain,endurance,2,38.4,full_gym,0
user_350,24,female,69.7,1.75,beginner,endurance,weight_loss,3,84.6,full_gym,0
user_351,53,female,56.9,1.59,intermediate,muscle_gain,strength,3,89.4,none,0
user_352,37,female,53.0,1.71,intermediate,muscle_gain,strength,4,67.8,full_gym,1
user_353,18,female,72.7,1.55,beginner,muscle_gain,general_fitness,3,50.4,dumbbells,0
user_354,25,male,76.5,1.96,beginner,muscle_gain,weight_loss,3,40.2,none,0
user_355,33,male,113.6,1.99,beginner,strength,weight_loss,2,82.8,"barbell,dumbbells",0
user_356,31,female,62.5,1.62,advanced,general_fitness,strength,4,93.60000000000001,full_gym,0
user_357,29,male,95.2,1.86,beginner,strength,endurance,2,38.4,"barbell,dumbbells",0
user_358,40,male,51.7,1.82,beginner,weight_loss,general_fitness,3,54.0,full_gym,0
user_359,32,male,105.3,1.67,beginner,general_fitness,general_fitness,3,34.199999999999996,full_gym,0
user_360,45,female,71.2,1.68,beginner,muscle_gain,muscle_gain,3,82.2,"barbell,dumbbells",0
user_361,51,female,78.1,1.51,beginner,strength,weight_loss,3,55.2,full_gym,0
user_362,19,female,50.6,1.68,intermediate,weight_loss,weight_loss,3,72.6,none,0
user_363,49,male,70.2,1.89,beginner,general_fitness,muscle_gain,3,42.0,none,1
user_364,40,female,62.6,1.53,advanced,weight_loss,muscle_gain,5,115.8,full_gym,0
user_365,39,female,60.6,1.65,beginner,endurance,muscle_gain,3,55.2,"barbell,dumbbells",0
user_366,42,male,76.4,1.97,intermediate,weight_loss,weight_loss,3,68.39999999999999,"barbell,dumbbells",0
user_367,39,female,63.3,1.71,advanced,strength,weight_loss,4,112.8,dumbbells,0
user_368,39,female,68.6,1.64,intermediate,strength,muscle_gain,3,79.80000000000001,dumbbells,1
user_369,59,male,123.3,1.88,intermediate,endurance,strength,4,78.0,full_gym,0
user_370,23,male,107.0,1.94,beginner,weight_loss,muscle_gain,2,81.0,full_gym,0
user_371,32,male,68.3,1.92,beginner,muscle_gain,weight_loss,2,85.19999999999999,"barbell,dumbbells",0
user_372,54,female,47.8,1.6,intermediate,muscle_gain,endurance,4,71.39999999999999,"barbell,dumbbells",0
user_373,50,female,58.4,1.79,advanced,strength,endurance,4,96.0,full_gym,0
user_374,25,female,74.3,1.71,intermediate,general_fitness,muscle_gain,3,85.8,"barbell,dumbbells",0
user_375,22,male,106.8,1.82,intermediate,general_fitness,strength,4,60.0,none,0
user_376,56,male,125.5,1.8,intermediate,muscle_gain,general_fitness,4,75.6,"barbell,dumbbells",0
user_377,21,female,55.2,1.55,intermediate,general_fitness,weight_loss,4,82.2,none,0
user_378,23,female,71.4,1.72,beginner,strength,muscle_gain,2,75.0,"barbell,dumbbells",1
user_379,49,male,77.7,1.61,intermediate,muscle_gain,endurance,3,61.800000000000004,full_gym,0
user_380,47,male,88.4,1.6,advanced,strength,endurance,5,111.60000000000001,dumbbells,0
user_381,52,male,104.8,1.99,beginner,strength,general_fitness,2,55.800000000000004,full_gym,0
user_382,57,male,82.2,1.69,intermediate,endurance,weight_loss,4,69.0,none,0
user_383,33,female,68.2,1.75,beginner,strength,strength,2,51.0,none,0
user_384,30,male,91.4,1.99,intermediate,weight_loss,strength,3,82.2,dumbbells,0
user_385,59,female,42.1,1.65,beginner,general_fitness,weight_loss,2,73.2,"barbell,dumbbells",0
user_386,47,female,68.7,1.76,intermediate,strength,weight_loss,3,82.2,none,0
user_387,36,female,47.2,1.74,intermediate,muscle_gain,muscle_gain,4,90.0,none,1
user_388,34,male,92.0,1.76,beginner,strength,endurance,3,43.8,none,0
user_389,36,male,56.2,1.95,intermediate,strength,general_fitness,4,65.4,"barbell,dumbbells",1
user_390,45,male,58.4,1.72,intermediate,muscle_gain,muscle_gain,4,78.60000000000001,none,0
user_391,43,male,82.9,1.95,advanced,muscle_gain,muscle_gain,5,114.0,none,1
user_392,54,female,66.9,1.74,beginner,muscle_gain,muscle_gain,2,74.4,dumbbells,0
user_393,43,male,66.3,1.85,beginner,muscle_gain,general_fitness,2,70.8,"barbell,dumbbells",1
user_394,40,male,93.6,1.93,beginner,weight_loss,endurance,3,82.8,none,0
user_395,26,female,64.1,1.5,advanced,strength,endurance,5,115.8,dumbbells,0
user_396,29,male,86.7,1.62,advanced,endurance,muscle_gain,4,91.2,none,0
user_397,18,female,62.0,1.59,intermediate,weight_loss,general_fitness,4,73.8,dumbbells,0
user_398,18,female,58.1,1.61,advanced,general_fitness,strength,4,114.0,full_gym,0
user_399,51,female,64.9,1.6,intermediate,weight_loss,weight_loss,4,89.4,"barbell,dumbbells",0
user_400,49,female,69.3,1.62,intermediate,strength,general_fitness,4,68.39999999999999,"barbell,dumbbells",0
user_401,42,female,42.7,1.74,beginner,weight_loss,general_fitness,3,62.400000000000006,"barbell,dumbbells",1
user_402,57,female,51.4,1.63,intermediate,strength,muscle_gain,4,72.0,full_gym,1
user_403,18,female,67.4,1.6,beginner,general_fitness,muscle_gain,3,36.0,full_gym,0
user_404,33,female,55.6,1.61,advanced,muscle_gain,endurance,4,106.2,dumbbells,0
user_405,56,male,125.3,1.86,intermediate,endurance,muscle_gain,3,60.0,full_gym,1
user_406,22,male,102.1,1.85,intermediate,general_fitness,general_fitness,4,88.8,none,0
user_407,39,male,61.9,1.77,beginner,weight_loss,strength,3,79.2,none,0
user_408,46,male,108.8,1.64,beginner,weight_loss,weight_loss,3,84.0,full_gym,1
user_409,20,female,51.1,1.58,beginner,muscle_gain,weight_loss,2,30.0,dumbbells,0
user_410,29,male,81.7,1.99,beginner,strength,endurance,2,87.0,none,0
user_411,43,female,42.7,1.66,beginner,general_fitness,weight_loss,2,43.8,none,0
user_412,33,male,81.8,1.99,advanced,general_fitness,endurance,4,95.4,"barbell,dumbbells",0
user_413,54,male,54.6,1.76,intermediate,muscle_gain,general_fitness,4,76.8,full_gym,0
user_414,39,male,107.7,1.88,beginner,muscle_gain,weight_loss,2,43.199999999999996,"barbell,dumbbells",0
user_415,46,female,56.9,1.6,beginner,weight_loss,muscle_gain,3,52.8,none,1
user_416,31,male,78.8,1.71,intermediate,weight_loss,endurance,4,89.4,full_gym,0
user_417,45,female,48.2,1.64,intermediate,muscle_gain,endurance,4,75.0,dumbbells,0
user_418,22,female,50.7,1.59,intermediate,weight_loss,strength,3,76.2,none,0
user_419,47,male,86.6,1.99,advanced,strength,weight_loss,4,118.8,full_gym,1
user_420,22,male,96.3,1.63,intermediate,strength,strength,4,81.0,none,0
user_421,29,male,80.8,1.98,advanced,endurance,muscle_gain,5,99.0,none,1
user_422,33,female,58.0,1.53,advanced,strength,strength,5,110.4,full_gym,0
user_423,43,male,95.9,1.85,beginner,weight_loss,endurance,2,76.8,full_gym,0
user_424,43,female,61.5,1.58,advanced,muscle_gain,general_fitness,5,111.60000000000001,"barbell,dumbbells",0
user_425,38,female,40.6,1.79,beginner,endurance,strength,2,37.2,"barbell,dumbbells",0
user_426,56,male,82.5,1.87,advanced,strength,strength,5,90.6,full_gym,0
user_427,53,male,105.1,1.84,beginner,weight_loss,strength,3,41.4,"barbell,dumbbells",0
user_428,50,female,58.1,1.58,advanced,general_fitness,muscle_gain,5,115.8,dumbbells,0
user_429,47,female,61.0,1.76,advanced,weight_loss,weight_loss,5,92.4,full_gym,0
user_430,54,female,64.5,1.53,advanced,strength,muscle_gain,4,104.4,dumbbells,0
user_431,40,male,58.2,1.98,intermediate,weight_loss,weight_loss,3,85.8,full_gym,0
user_432,27,female,69.5,1.76,beginner,endurance,general_fitness,3,56.4,dumbbells,0
user_433,22,male,62.2,1.84,beginner,endurance,strength,3,30.6,"barbell,dumbbells",0
user_434,53,female,68.0,1.7,intermediate,muscle_gain,endurance,4,63.6,full_gym,1
user_435,51,female,56.3,1.5,beginner,endurance,strength,3,85.8,"barbell,dumbbells",0
user_436,48,male,94.5,1.7,intermediate,strength,weight_loss,3,60.6,dumbbells,0
user_437,27,female,58.0,1.79,beginner,endurance,weight_loss,2,83.39999999999999,full_gym,0
user_438,36,male,84.0,1.94,advanced,general_fitness,general_fitness,5,108.0,none,0
user_439,49,male,61.0,1.87,intermediate,endurance,endurance,4,68.39999999999999,none,0
user_440,18,female,64.8,1.53,advanced,general_fitness,endurance,5,118.8,dumbbells,0
user_441,22,male,45.7,1.77,beginner,strength,strength,3,62.400000000000006,none,1
user_442,21,male,80.9,1.9,advanced,strength,general_fitness,4,108.0,full_gym,0
user_443,33,female,64.1,1.63,advanced,weight_loss,muscle_gain,5,94.80000000000001,full_gym,0
user_444,41,male,67.0,1.77,intermediate,endurance,strength,3,73.2,dumbbells,1
user_445,33,male,106.5,1.6,intermediate,general_fitness,general_fitness,4,84.0,full_gym,1
user_446,19,male,95.1,1.85,intermediate,general_fitness,muscle_gain,4,72.6,none,1
user_447,45,female,65.5,1.57,beginner,muscle_gain,weight_loss,2,39.6,none,1
user_448,49,male,105.7,1.64,intermediate,muscle_gain,general_fitness,3,72.0,"barbell,dumbbells",0
user_449,44,female,48.0,1.76,beginner,strength,weight_loss,2,52.8,"barbell,dumbbells",0
user_450,37,female,69.5,1.5,beginner,weight_loss,muscle_gain,2,41.4,full_gym,0
user_451,41,male,66.1,1.69,beginner,weight_loss,weight_loss,2,46.2,none,0
user_452,29,male,68.0,1.7,beginner,general_fitness,endurance,2,45.6,"barbell,dumbbells",0
user_453,52,male,50.3,1.78,beginner,endurance,muscle_gain,2,51.0,"barbell,dumbbells",0
user_454,50,female,69.3,1.68,beginner,general_fitness,weight_loss,2,72.0,"barbell,dumbbells",0
user_455,50,male,86.7,1.63,advanced,endurance,general_fitness,4,102.0,dumbbells,0
user_456,54,male,125.9,1.94,intermediate,weight_loss,strength,3,81.0,none,0
user_457,29,male,88.1,1.93,advanced,muscle_gain,general_fitness,5,112.8,full_gym,0
user_458,20,male,124.3,1.82,intermediate,strength,endurance,3,75.0,full_gym,0
user_459,18,male,62.0,1.85,beginner,strength,endurance,3,52.8,full_gym,0
user_460,50,female,69.7,1.72,intermediate,strength,strength,4,74.4,full_gym,0
user_461,57,female,60.9,1.52,intermediate,endurance,weight_loss,3,78.60000000000001,dumbbells,0
user_462,27,male,76.5,1.97,beginner,strength,endurance,2,67.8,"barbell,dumbbells",0
user_463,46,male,94.7,1.82,intermediate,general_fitness,weight_loss,3,88.2,none,0
user_464,30,male,67.9,1.75,beginner,general_fitness,general_fitness,2,75.0,"barbell,dumbbells",0
user_465,29,male,121.1,1.87,intermediate,strength,endurance,4,78.60000000000001,"barbell,dumbbells",0
user_466,48,female,71.5,1.64,intermediate,endurance,endurance,4,87.6,"barbell,dumbbells",0
user_467,19,male,98.6,1.7,beginner,general_fitness,muscle_gain,2,49.8,dumbbells,1
user_468,52,female,68.2,1.63,beginner,general_fitness,muscle_gain,3,70.19999999999999,none,1
user_469,40,female,57.7,1.69,intermediate,endurance,general_fitness,4,70.8,"barbell,dumbbells",0
user_470,34,male,124.6,1.63,intermediate,strength,muscle_gain,3,84.6,full_gym,0
user_471,43,female,73.0,1.59,beginner,strength,endurance,3,78.60000000000001,dumbbells,0
user_472,25,female,59.4,1.51,advanced,weight_loss,weight_loss,5,97.2,"barbell,dumbbells",0
user_473,46,female,52.0,1.65,beginner,endurance,muscle_gain,2,42.0,"barbell,dumbbells",0
user_474,43,female,42.2,1.65,intermediate,general_fitness,endurance,3,79.80000000000001,full_gym,0
user_475,27,male,89.3,1.64,advanced,muscle_gain,weight_loss,4,109.2,dumbbells,1
user_476,43,male,110.0,1.76,beginner,general_fitness,weight_loss,3,65.4,dumbbells,0
user_477,51,female,66.2,1.58,beginner,endurance,endurance,3,51.6,full_gym,0
user_478,58,male,58.6,1.66,beginner,muscle_gain,weight_loss,2,72.6,full_gym,1
user_479,24,male,51.0,1.67,beginner,endurance,endurance,3,58.199999999999996,none,1
user_480,21,male,101.5,1.95,beginner,general_fitness,muscle_gain,3,58.199999999999996,"barbell,dumbbells",0
user_481,28,male,114.2,1.87,intermediate,muscle_gain,endurance,3,63.0,"barbell,dumbbells",0
user_482,46,male,54.4,1.72,beginner,general_fitness,endurance,2,54.6,none,0
user_483,53,female,52.4,1.57,intermediate,weight_loss,endurance,3,80.4,full_gym,0
user_484,42,male,85.2,1.81,advanced,weight_loss,strength,5,92.4,"barbell,dumbbells",0
user_485,38,male,83.6,1.74,advanced,strength,weight_loss,5,99.6,full_gym,0
user_486,53,male,115.4,1.92,intermediate,strength,strength,4,81.60000000000001,dumbbells,0
user_487,27,male,71.2,1.97,beginner,weight_loss,muscle_gain,3,44.4,dumbbells,0
user_488,54,female,78.1,1.6,intermediate,endurance,muscle_gain,4,66.0,"barbell,dumbbells",1
user_489,26,female,54.2,1.65,intermediate,muscle_gain,endurance,4,64.2,full_gym,0
user_490,41,female,77.6,1.76,intermediate,weight_loss,endurance,4,76.2,dumbbells,0
user_491,52,female,44.1,1.62,beginner,general_fitness,general_fitness,3,84.6,full_gym,0
user_492,52,male,85.5,1.8,advanced,endurance,muscle_gain,5,102.0,dumbbells,0
user_493,53,female,47.8,1.76,intermediate,endurance,weight_loss,4,63.6,"barbell,dumbbells",0
user_494,35,male,102.5,1.94,beginner,weight_loss,endurance,2,50.4,"barbell,dumbbells",0
user_495,56,male,118.0,1.9,beginner,weight_loss,endurance,2,39.6,none,0
user_496,49,male,82.3,1.84,intermediate,weight_loss,muscle_gain,4,77.4,full_gym,0
user_497,41,male,81.6,1.87,advanced,endurance,general_fitness,5,112.2,full_gym,0
user_498,40,male,60.2,1.88,intermediate,general_fitness,endurance,3,73.2,dumbbells,0
user_499,49,female,49.2,1.54,intermediate,general_fitness,endurance,3,76.8,dumbbells,0
user_500,54,female,46.6,1.5,beginner,weight_loss,endurance,2,82.8,full_gym,0
user_501,29,female,68.7,1.72,intermediate,muscle_gain,strength,4,64.80000000000001,none,0
user_502,30,female,60.6,1.55,intermediate,muscle_gain,general_fitness,3,78.0,dumbbells,0
user_503,40,male,52.1,1.61,beginner,strength,weight_loss,2,52.2,full_gym,0
user_504,42,female,46.6,1.77,beginner,weight_loss,general_fitness,2,36.6,none,0
user_505,52,male,65.5,1.74,intermediate,endurance,muscle_gain,4,88.8,none,0
user_506,58,female,44.2,1.57,beginner,general_fitness,weight_loss,3,64.80000000000001,"barbell,dumbbells",0
user_507,47,male,89.1,1.84,intermediate,general_fitness,general_fitness,3,86.39999999999999,"barbell,dumbbells",0
user_508,34,male,65.9,1.62,beginner,muscle_gain,muscle_gain,2,48.6,dumbbells,0
user_509,37,female,55.6,1.57,beginner,weight_loss,weight_loss,2,58.199999999999996,dumbbells,0
user_510,42,male,63.7,1.98,beginner,muscle_gain,muscle_gain,2,82.2,dumbbells,0
user_511,39,male,86.2,1.82,advanced,strength,strength,5,117.6,full_gym,0
user_512,30,female,59.2,1.63,advanced,muscle_gain,muscle_gain,4,111.0,"barbell,dumbbells",0
user_513,36,male,85.4,1.88,advanced,endurance,weight_loss,5,118.8,"barbell,dumbbells",0
user_514,53,female,68.1,1.55,intermediate,strength,general_fitness,4,84.6,none,0
user_515,29,female,60.0,1.62,beginner,muscle_gain,strength,2,51.0,full_gym,0
user_516,58,female,74.8,1.69,intermediate,general_fitness,strength,4,76.8,full_gym,0
user_517,36,male,90.3,1.65,intermediate,general_fitness,endurance,4,82.8,full_gym,1
user_518,29,male,86.1,1.65,advanced,general_fitness,general_fitness,4,99.6,dumbbells,0
user_519,26,male,73.7,1.66,beginner,weight_loss,strength,2,55.800000000000004,dumbbells,0
user_520,24,female,67.7,1.56,intermediate,strength,endurance,3,85.19999999999999,dumbbells,0
user_521,45,male,78.3,1.96,beginner,muscle_gain,endurance,3,77.4,dumbbells,0
user_522,31,female,48.2,1.65,beginner,muscle_gain,strength,2,66.0,full_gym,0
user_523,48,female,56.8,1.51,intermediate,muscle_gain,general_fitness,4,82.2,"barbell,dumbbells",0
user_524,36,male,112.4,1.63,intermediate,muscle_gain,strength,4,61.2,full_gym,1
user_525,33,female,59.0,1.67,beginner,general_fitness,general_fitness,3,54.0,"barbell,dumbbells",0
user_526,22,male,98.4,1.88,beginner,muscle_gain,strength,2,31.200000000000003,none,0
user_527,52,male,66.5,1.6,intermediate,endurance,general_fitness,4,80.4,full_gym,1
user_528,29,male,106.5,1.81,intermediate,general_fitness,endurance,4,77.4,full_gym,0
user_529,42,male,88.4,1.93,advanced,muscle_gain,weight_loss,4,100.8,"barbell,dumbbells",0
user_530,38,male,88.4,1.79,advanced,weight_loss,endurance,5,104.4,"barbell,dumbbells",0
user_531,53,female,53.3,1.74,intermediate,endurance,general_fitness,3,82.2,dumbbells,0
user_532,40,female,58.1,1.56,beginner,strength,endurance,2,36.6,dumbbells,0
user_533,33,female,74.2,1.76,intermediate,muscle_gain,weight_loss,4,69.0,dumbbells,1
user_534,56,male,84.6,1.63,intermediate,endurance,weight_loss,4,60.6,none,0
user_535,59,male,78.0,1.92,beginner,muscle_gain,general_fitness,3,43.199999999999996,"barbell,dumbbells",0
user_536,56,male,89.0,1.68,advanced,weight_loss,general_fitness,5,106.2,"barbell,dumbbells",0
user_537,31,female,42.7,1.76,beginner,strength,muscle_gain,3,87.6,full_gym,0
user_538,48,male,83.9,1.82,advanced,muscle_gain,muscle_gain,5,114.0,full_gym,0
user_539,22,female,78.7,1.52,intermediate,endurance,muscle_gain,3,87.0,"barbell,dumbbells",1
user_540,52,female,65.9,1.52,intermediate,general_fitness,endurance,4,76.2,full_gym,0
user_541,40,male,76.9,1.92,intermediate,general_fitness,weight_loss,4,67.8,full_gym,1
user_542,46,male,84.3,2.0,advanced,endurance,general_fitness,5,109.80000000000001,dumbbells,1
user_543,28,female,62.4,1.6,intermediate,muscle_gain,weight_loss,3,66.0,full_gym,0
user_544,35,male,63.7,1.74,intermediate,general_fitness,general_fitness,4,61.800000000000004,full_gym,0
user_545,29,female,54.9,1.52,beginner,strength,endurance,3,88.8,full_gym,1
user_546,26,male,76.4,1.79,intermediate,strength,endurance,3,70.19999999999999,"barbell,dumbbells",1
user_547,27,male,106.4,1.86,beginner,general_fitness,strength,2,80.4,"barbell,dumbbells",0
user_548,34,female,68.4,1.5,intermediate,muscle_gain,strength,4,82.2,full_gym,0
user_549,55,male,63.5,1.86,intermediate,weight_loss,strength,4,81.60000000000001,none,0
user_550,24,female,59.4,1.5,intermediate,weight_loss,weight_loss,3,75.0,full_gym,0
user_551,30,male,113.4,1.91,beginner,weight_loss,muscle_gain,3,76.2,full_gym,0
user_552,57,female,61.9,1.52,beginner,weight_loss,weight_loss,3,55.2,none,0
user_553,59,female,70.7,1.68,intermediate,muscle_gain,weight_loss,3,70.19999999999999,dumbbells,0
user_554,26,male,111.5,1.9,beginner,weight_loss,endurance,2,61.2,none,0
user_555,44,female,72.1,1.66,beginner,general_fitness,general_fitness,2,84.0,none,1
user_556,19,male,56.9,1.87,beginner,weight_loss,endurance,3,36.6,dumbbells,0
user_557,22,male,86.2,1.9,advanced,weight_loss,muscle_gain,5,114.6,none,0
user_558,46,male,59.4,1.68,intermediate,muscle_gain,endurance,4,69.6,dumbbells,0
user_559,54,female,75.6,1.72,beginner,muscle_gain,endurance,3,58.199999999999996,full_gym,0
user_560,55,female,76.3,1.73,beginner,endurance,muscle_gain,3,64.80000000000001,full_gym,0
user_561,36,male,95.8,1.86,beginner,weight_loss,general_fitness,3,82.2,none,0
user_562,25,male,120.6,1.83,intermediate,general_fitness,endurance,3,62.400000000000006,"barbell,dumbbells",0
user_563,18,female,65.3,1.55,intermediate,muscle_gain,weight_loss,3,85.19999999999999,full_gym,0
user_564,39,male,85.3,1.89,beginner,strength,endurance,2,46.2,dumbbells,0
user_565,34,male,68.0,1.68,beginner,weight_loss,endurance,2,40.2,full_gym,0
user_566,24,female,52.6,1.57,beginner,endurance,general_fitness,2,77.4,none,0
user_567,42,male,63.3,1.77,intermediate,strength,endurance,3,79.2,"barbell,dumbbells",1
user_568,21,female,76.3,1.65,intermediate,general_fitness,endurance,3,68.39999999999999,none,0
user_569,53,male,61.0,1.63,beginner,muscle_gain,muscle_gain,3,32.400000000000006,full_gym,0
user_570,23,female,67.8,1.61,beginner,endurance,weight_loss,2,80.4,"barbell,dumbbells",0
user_571,48,male,114.9,1.86,beginner,endurance,general_fitness,3,81.60000000000001,dumbbells,1
user_572,36,male,88.0,1.71,advanced,endurance,endurance,5,112.2,"barbell,dumbbells",0
user_573,56,female,67.7,1.58,beginner,weight_loss,strength,2,87.0,dumbbells,0
user_574,44,male,124.8,1.85,intermediate,endurance,strength,4,81.0,none,0
user_575,27,female,53.0,1.58,intermediate,weight_loss,general_fitness,4,75.6,none,0
user_576,43,male,61.2,1.88,beginner,weight_loss,general_fitness,3,61.800000000000004,none,0
user_577,36,female,48.7,1.68,beginner,endurance,endurance,3,73.8,dumbbells,0
user_578,56,female,50.6,1.7,beginner,muscle_gain,weight_loss,2,77.4,dumbbells,0
user_579,20,female,72.6,1.73,intermediate,strength,muscle_gain,3,76.2,full_gym,0
user_580,30,female,70.4,1.56,intermediate,strength,endurance,4,61.800000000000004,none,0
user_581,45,male,52.5,1.88,intermediate,endurance,strength,4,64.80000000000001,full_gym,0
user_582,37,male,76.3,1.77,intermediate,muscle_gain,muscle_gain,4,81.60000000000001,none,0
user_583,45,female,41.2,1.58,beginner,general_fitness,endurance,2,88.2,"barbell,dumbbells",0
user_584,25,female,55.3,1.76,advanced,strength,endurance,4,93.60000000000001,dumbbells,0
user_585,58,female,49.7,1.67,intermediate,strength,strength,4,82.8,dumbbells,0
user_586,56,male,48.3,1.87,beginner,general_fitness,muscle_gain,3,40.800000000000004,none,0
user_587,18,male,83.2,1.96,advanced,general_fitness,strength,4,109.80000000000001,dumbbells,0
user_588,20,male,120.5,1.73,intermediate,weight_loss,weight_loss,3,60.6,"barbell,dumbbells",0
user_589,30,male,121.6,2.0,intermediate,weight_loss,weight_loss,4,74.4,none,1
user_590,45,female,73.0,1.75,intermediate,muscle_gain,muscle_gain,4,68.39999999999999,dumbbells,1
user_591,42,female,57.5,1.67,advanced,general_fitness,strength,5,105.6,none,0
user_592,50,female,42.7,1.53,intermediate,general_fitness,endurance,4,84.6,full_gym,0
user_593,55,male,129.9,1.73,beginner,weight_loss,endurance,3,41.4,none,0
user_594,23,male,108.6,1.92,beginner,general_fitness,strength,2,53.4,full_gym,0
user_595,49,male,88.6,2.0,advanced,weight_loss,weight_loss,4,109.80000000000001,dumbbells,0
user_596,38,female,49.7,1.51,beginner,endurance,general_fitness,3,75.0,none,0
user_597,33,female,56.4,1.54,beginner,weight_loss,general_fitness,3,63.6,full_gym,0
user_598,38,male,46.9,1.74,intermediate,endurance,general_fitness,4,61.800000000000004,dumbbells,0
user_599,28,female,71.3,1.67,intermediate,general_fitness,general_fitness,4,87.6,"barbell,dumbbells",0
user_600,54,male,71.6,1.86,intermediate,muscle_gain,endurance,3,68.39999999999999,full_gym,0
user_601,53,male,82.3,1.61,advanced,weight_loss,weight_loss,5,112.2,dumbbells,0
user_602,52,female,70.6,1.69,beginner,muscle_gain,endurance,3,81.60000000000001,"barbell,dumbbells",1
user_603,36,male,109.8,1.62,beginner,endurance,strength,3,50.4,none,0
user_604,37,female,73.5,1.69,beginner,weight_loss,weight_loss,2,32.400000000000006,none,0
user_605,35,male,85.6,1.85,advanced,general_fitness,strength,5,106.8,none,0
user_606,58,female,74.6,1.68,intermediate,endurance,muscle_gain,4,61.800000000000004,full_gym,1
user_607,31,female,63.2,1.8,beginner,strength,general_fitness,2,35.4,"barbell,dumbbells",0
user_608,32,female,62.6,1.63,advanced,weight_loss,general_fitness,5,100.19999999999999,none,1
user_609,48,male,87.1,1.76,advanced,weight_loss,endurance,5,108.60000000000001,"barbell,dumbbells",0
user_610,18,male,82.3,1.84,advanced,general_fitness,endurance,5,103.8,full_gym,0
user_611,20,female,64.3,1.78,advanced,endurance,endurance,4,102.6,full_gym,1
user_612,33,female,53.7,1.66,beginner,muscle_gain,endurance,3,75.0,dumbbells,1
user_613,40,male,63.0,2.0,intermediate,strength,weight_loss,4,85.19999999999999,none,0
user_614,28,male,128.4,1.86,intermediate,strength,general_fitness,4,63.6,none,0
user_615,29,male,88.0,1.89,advanced,general_fitness,general_fitness,5,105.0,"barbell,dumbbells",0
user_616,27,female,63.7,1.52,intermediate,weight_loss,weight_loss,4,71.39999999999999,dumbbells,0
user_617,49,male,83.7,1.87,intermediate,endurance,endurance,4,77.4,full_gym,0
user_618,33,male,102.6,1.75,intermediate,endurance,strength,3,84.0,"barbell,dumbbells",0
user_619,25,female,77.7,1.55,beginner,muscle_gain,muscle_gain,2,33.0,dumbbells,0
user_620,55,male,87.5,1.88,intermediate,general_fitness,weight_loss,4,71.39999999999999,dumbbells,0
user_621,29,male,87.0,1.86,advanced,general_fitness,endurance,4,91.2,none,1
user_622,41,male,82.8,1.66,advanced,muscle_gain,muscle_gain,5,118.2,"barbell,dumbbells",0
user_623,45,female,65.4,1.68,beginner,endurance,general_fitness,3,45.6,full_gym,0
user_624,25,female,47.2,1.71,beginner,muscle_gain,weight_loss,2,53.4,none,1
user_625,45,female,58.2,1.7,beginner,weight_loss,endurance,3,57.0,dumbbells,0
user_626,53,female,73.5,1.55,intermediate,strength,general_fitness,4,70.19999999999999,dumbbells,0
user_627,43,female,55.2,1.73,advanced,weight_loss,endurance,5,100.19999999999999,dumbbells,0
user_628,25,female,64.4,1.71,beginner,strength,weight_loss,3,67.2,"barbell,dumbbells",0
user_629,45,female,73.5,1.74,intermediate,muscle_gain,general_fitness,4,70.8,dumbbells,0
user_630,45,male,89.6,1.81,advanced,general_fitness,endurance,5,102.0,none,0
user_631,54,male,86.5,1.76,intermediate,endurance,weight_loss,3,88.8,none,0
user_632,58,female,46.1,1.67,intermediate,endurance,endurance,4,76.8,"barbell,dumbbells",0
user_633,53,male,68.5,1.97,intermediate,weight_loss,strength,3,78.0,"barbell,dumbbells",1
user_634,44,male,94.6,1.84,intermediate,muscle_gain,endurance,4,75.6,none,0
user_635,34,female,54.2,1.52,beginner,general_fitness,general_fitness,3,67.8,full_gym,0
user_636,26,male,47.7,1.77,intermediate,general_fitness,muscle_gain,3,69.0,full_gym,1
user_637,50,male,52.2,1.84,intermediate,weight_loss,weight_loss,4,82.8,full_gym,0
user_638,37,male,88.8,1.95,advanced,general_fitness,general_fitness,5,94.80000000000001,none,0
user_639,30,male,101.0,1.68,intermediate,general_fitness,general_fitness,4,87.6,"barbell,dumbbells",0
user_640,45,male,118.4,1.95,intermediate,endurance,endurance,3,63.6,"barbell,dumbbells",0
user_641,46,female,47.9,1.72,beginner,weight_loss,endurance,3,84.6,none,0
user_642,30,female,51.5,1.74,intermediate,muscle_gain,muscle_gain,3,64.80000000000001,dumbbells,0
user_643,52,female,79.9,1.51,beginner,strength,endurance,3,45.0,dumbbells,0
user_644,23,male,121.3,1.85,beginner,general_fitness,weight_loss,2,43.199999999999996,none,0
user_645,35,female,78.9,1.64,intermediate,weight_loss,weight_loss,4,76.8,"barbell,dumbbells",0
user_646,22,male,88.5,1.62,advanced,endurance,strength,5,112.8,dumbbells,0
user_647,42,male,73.5,1.63,beginner,weight_loss,muscle_gain,3,31.200000000000003,dumbbells,0
user_648,19,male,127.9,1.93,intermediate,muscle_gain,endurance,4,76.2,none,0
user_649,27,male,88.5,1.98,advanced,muscle_gain,general_fitness,4,108.0,full_gym,0
user_650,47,female,43.4,1.62,beginner,endurance,endurance,3,30.6,"barbell,dumbbells",0
user_651,22,female,42.8,1.56,intermediate,general_fitness,endurance,3,88.2,"barbell,dumbbells",0
user_652,50,male,64.5,1.79,intermediate,weight_loss,weight_loss,4,70.19999999999999,dumbbells,0
user_653,18,female,50.7,1.53,intermediate,muscle_gain,strength,3,77.4,dumbbells,0
user_654,35,male,59.2,1.66,beginner,weight_loss,general_fitness,3,78.0,dumbbells,0
user_655,49,female,78.9,1.73,beginner,weight_loss,weight_loss,2,82.8,full_gym,1
user_656,28,female,78.7,1.63,intermediate,weight_loss,general_fitness,3,66.0,full_gym,0
user_657,38,male,68.7,1.92,intermediate,strength,weight_loss,4,78.60000000000001,"barbell,dumbbells",0
user_658,43,female,53.1,1.59,beginner,strength,endurance,2,49.199999999999996,full_gym,0
user_659,42,male,64.8,1.65,intermediate,general_fitness,muscle_gain,3,66.0,full_gym,1
user_660,39,female,50.3,1.61,beginner,weight_loss,strength,2,70.19999999999999,"barbell,dumbbells",0
user_661,44,male,102.3,1.63,intermediate,strength,weight_loss,4,80.4,dumbbells,0
user_662,30,male,62.9,1.92,beginner,weight_loss,strength,2,67.8,none,0
user_663,50,female,56.5,1.6,advanced,endurance,weight_loss,5,112.8,none,0
user_664,51,female,74.6,1.55,beginner,weight_loss,strength,2,42.599999999999994,none,0
user_665,58,male,52.0,1.79,beginner,muscle_gain,muscle_gain,3,67.2,dumbbells,0
user_666,52,female,52.1,1.67,beginner,endurance,strength,2,90.0,full_gym,0
user_667,18,female,72.2,1.54,beginner,weight_loss,general_fitness,2,58.199999999999996,"barbell,dumbbells",0
user_668,38,male,85.8,1.8,advanced,muscle_gain,weight_loss,4,103.2,dumbbells,1
user_669,23,male,81.4,1.85,advanced,endurance,general_fitness,4,96.0,none,0
user_670,45,female,50.9,1.65,beginner,strength,muscle_gain,2,87.0,"barbell,dumbbells",0
user_671,34,male,52.0,1.78,intermediate,endurance,endurance,4,82.8,dumbbells,0
user_672,22,male,71.0,1.93,intermediate,muscle_gain,general_fitness,4,85.19999999999999,"barbell,dumbbells",0
user_673,48,male,80.6,1.77,advanced,weight_loss,strength,4,90.6,dumbbells,0
user_674,22,female,58.3,1.72,intermediate,general_fitness,weight_loss,3,60.0,full_gym,0
user_675,55,female,63.0,1.7,beginner,muscle_gain,muscle_gain,3,79.2,"barbell,dumbbells",0
user_676,20,male,111.0,1.94,intermediate,weight_loss,weight_loss,4,61.2,none,0
user_677,40,female,52.6,1.66,intermediate,strength,strength,3,76.2,dumbbells,0
user_678,54,male,116.4,2.0,beginner,strength,general_fitness,3,67.8,"barbell,dumbbells",0
user_679,54,female,75.6,1.61,intermediate,muscle_gain,muscle_gain,4,84.6,none,0
user_680,27,male,61.6,1.8,beginner,muscle_gain,endurance,2,88.8,none,0
user_681,27,male,108.0,1.8,intermediate,general_fitness,endurance,4,82.8,full_gym,0
user_682,36,female,59.3,1.75,beginner,muscle_gain,endurance,3,59.4,"barbell,dumbbells",1
user_683,34,male,75.7,1.94,intermediate,weight_loss,weight_loss,4,70.8,none,0
user_684,38,female,56.3,1.6,intermediate,general_fitness,weight_loss,4,72.6,dumbbells,0
user_685,31,female,58.2,1.73,intermediate,weight_loss,weight_loss,3,70.19999999999999,full_gym,0
user_686,26,male,55.7,1.68,beginner,endurance,weight_loss,3,67.8,full_gym,1
user_687,18,male,125.9,1.67,intermediate,general_fitness,general_fitness,3,87.6,dumbbells,0
user_688,30,female,62.7,1.67,intermediate,endurance,general_fitness,4,61.2,"barbell,dumbbells",1
user_689,21,male,86.6,1.86,intermediate,strength,strength,3,82.2,full_gym,0
user_690,18,male,64.5,1.82,intermediate,weight_loss,weight_loss,3,72.0,none,0
user_691,57,male,76.6,1.86,intermediate,strength,strength,4,68.39999999999999,"barbell,dumbbells",1
user_692,49,male,81.4,1.83,advanced,endurance,weight_loss,5,118.8,none,0
user_693,51,male,60.7,1.71,beginner,weight_loss,general_fitness,2,68.39999999999999,"barbell,dumbbells",0
user_694,45,female,57.2,1.55,advanced,general_fitness,general_fitness,5,100.19999999999999,none,1
user_695,48,female,73.0,1.59,intermediate,muscle_gain,strength,3,71.39999999999999,none,0
user_696,25,male,123.8,1.99,beginner,muscle_gain,muscle_gain,3,67.8,"barbell,dumbbells",0
user_697,56,male,93.6,1.66,beginner,strength,endurance,2,82.2,dumbbells,0
user_698,43,male,76.8,1.92,beginner,muscle_gain,weight_loss,3,74.4,full_gym,0
user_699,51,female,54.7,1.53,intermediate,endurance,muscle_gain,4,66.60000000000001,"barbell,dumbbells",0
user_700,20,male,92.3,1.94,intermediate,muscle_gain,strength,3,68.39999999999999,full_gym,0
user_701,29,female,71.8,1.55,intermediate,general_fitness,general_fitness,4,72.0,dumbbells,0
user_702,18,female,66.9,1.57,intermediate,weight_loss,endurance,3,64.2,full_gym,0
user_703,22,female,48.7,1.76,intermediate,general_fitness,strength,4,82.2,dumbbells,0
user_704,47,male,66.2,1.71,beginner,general_fitness,muscle_gain,3,85.19999999999999,dumbbells,0
user_705,47,female,40.0,1.76,beginner,endurance,muscle_gain,3,48.0,"barbell,dumbbells",0
user_706,34,male,112.4,1.85,intermediate,strength,weight_loss,4,70.8,none,0
user_707,40,female,70.0,1.55,beginner,muscle_gain,general_fitness,3,51.0,none,0
user_708,32,male,84.0,1.74,beginner,weight_loss,weight_loss,3,87.0,none,0
user_709,54,female,43.8,1.65,intermediate,endurance,muscle_gain,4,77.4,dumbbells,0
user_710,38,male,123.3,1.62,intermediate,endurance,muscle_gain,4,80.4,dumbbells,0
user_711,31,female,57.9,1.56,advanced,weight_loss,weight_loss,5,108.0,"barbell,dumbbells",0
user_712,19,male,82.4,1.96,advanced,weight_loss,endurance,5,114.0,dumbbells,0
user_713,28,male,84.8,1.79,intermediate,weight_loss,weight_loss,4,81.0,full_gym,0
user_714,56,male,109.6,1.66,intermediate,weight_loss,muscle_gain,3,77.4,full_gym,0
user_715,55,male,86.4,1.77,intermediate,endurance,general_fitness,3,60.0,full_gym,0
user_716,51,female,63.9,1.8,intermediate,strength,endurance,4,64.2,"barbell,dumbbells",0
user_717,55,female,70.8,1.62,beginner,endurance,endurance,3,32.400000000000006,full_gym,0
user_718,51,male,115.3,1.67,intermediate,weight_loss,endurance,3,82.8,full_gym,0
user_719,35,female,55.3,1.56,advanced,endurance,muscle_gain,5,102.6,none,0
user_720,47,male,73.9,1.8,beginner,strength,endurance,3,81.60000000000001,"barbell,dumbbells",0
user_721,32,male,97.3,1.96,intermediate,muscle_gain,endurance,3,81.60000000000001,"barbell,dumbbells",0
user_722,44,female,60.4,1.65,intermediate,strength,muscle_gain,4,76.2,dumbbells,0
user_723,51,male,49.3,1.61,beginner,strength,weight_loss,2,81.60000000000001,none,1
user_724,55,male,91.8,1.78,beginner,endurance,general_fitness,3,86.39999999999999,none,1
user_725,50,female,73.6,1.55,beginner,weight_loss,muscle_gain,3,53.4,dumbbells,0
user_726,41,male,47.1,1.78,beginner,endurance,general_fitness,3,75.6,dumbbells,0
user_727,32,male,65.2,1.62,beginner,weight_loss,weight_loss,2,34.8,full_gym,0
user_728,47,male,87.2,1.64,advanced,weight_loss,muscle_gain,4,120.0,full_gym,0
user_729,59,male,96.7,1.71,beginner,endurance,muscle_gain,3,34.199999999999996,dumbbells,0
user_730,34,female,46.9,1.61,intermediate,strength,weight_loss,3,61.2,"barbell,dumbbells",0
user_731,22,female,72.1,1.62,beginner,muscle_gain,strength,3,82.8,none,0
user_732,46,female,62.5,1.54,advanced,muscle_gain,weight_loss,4,96.60000000000001,"barbell,dumbbells",0
user_733,21,male,110.7,1.69,beginner,muscle_gain,strength,3,63.6,full_gym,0
user_734,27,male,102.6,1.83,intermediate,endurance,strength,3,84.6,dumbbells,1
user_735,34,female,64.3,1.62,advanced,muscle_gain,endurance,5,105.6,"barbell,dumbbells",0
user_736,27,male,80.7,1.61,advanced,weight_loss,general_fitness,4,105.0,full_gym,0
user_737,34,male,115.3,1.81,beginner,general_fitness,muscle_gain,2,81.60000000000001,dumbbells,0
user_738,37,male,87.8,1.69,advanced,general_fitness,weight_loss,5,108.60000000000001,none,0
user_739,41,male,74.3,1.61,intermediate,weight_loss,muscle_gain,4,63.6,full_gym,1
user_740,22,female,78.5,1.7,intermediate,endurance,strength,4,81.60000000000001,"barbell,dumbbells",0
user_741,51,female,77.3,1.58,beginner,general_fitness,endurance,2,58.199999999999996,"barbell,dumbbells",0
user_742,23,female,64.5,1.7,beginner,endurance,weight_loss,2,30.6,none,0
user_743,19,male,72.0,1.94,intermediate,muscle_gain,muscle_gain,3,70.19999999999999,"barbell,dumbbells",0
user_744,30,female,77.9,1.77,intermediate,endurance,weight_loss,4,84.6,full_gym,0
user_745,28,female,69.6,1.58,intermediate,weight_loss,muscle_gain,3,89.4,full_gym,0
user_746,40,male,68.9,1.99,intermediate,muscle_gain,endurance,4,69.6,dumbbells,0
user_747,33,male,45.9,1.89,intermediate,strength,general_fitness,3,87.0,full_gym,0
user_748,48,female,68.2,1.69,beginner,muscle_gain,muscle_gain,3,45.0,"barbell,dumbbells",0
user_749,28,female,79.6,1.59,intermediate,strength,general_fitness,3,89.4,"barbell,dumbbells",0
user_750,33,female,53.6,1.52,beginner,weight_loss,strength,2,61.2,none,0
user_751,25,female,57.7,1.58,intermediate,endurance,muscle_gain,3,81.60000000000001,dumbbells,0
user_752,21,male,74.2,1.93,intermediate,weight_loss,weight_loss,3,79.2,"barbell,dumbbells",0
user_753,57,female,64.4,1.56,advanced,weight_loss,muscle_gain,5,91.2,dumbbells,0
user_754,21,female,54.9,1.78,beginner,general_fitness,muscle_gain,2,33.0,dumbbells,0
user_755,42,male,50.3,1.64,beginner,weight_loss,muscle_gain,3,37.8,none,1
user_756,20,female,46.5,1.68,beginner,endurance,strength,2,54.6,none,0
user_757,49,male,57.8,1.99,beginner,muscle_gain,strength,3,55.800000000000004,"barbell,dumbbells",0
user_758,20,male,83.0,1.8,beginner,weight_loss,endurance,2,47.400000000000006,full_gym,1
user_759,44,male,82.5,1.79,advanced,general_fitness,general_fitness,5,90.6,none,0
user_760,46,female,66.5,1.73,beginner,endurance,weight_loss,3,66.60000000000001,full_gym,0
user_761,49,female,70.2,1.67,beginner,muscle_gain,endurance,3,55.800000000000004,full_gym,0
user_762,36,male,121.9,1.93,intermediate,strength,weight_loss,3,89.4,none,0
user_763,38,female,70.3,1.52,intermediate,weight_loss,endurance,4,71.39999999999999,none,0
user_764,22,female,40.3,1.56,intermediate,weight_loss,strength,4,87.0,"barbell,dumbbells",0
user_765,35,male,101.4,1.76,beginner,endurance,muscle_gain,2,50.4,"barbell,dumbbells",0
user_766,45,male,79.2,1.95,intermediate,general_fitness,strength,3,88.2,none,1
user_767,59,female,75.8,1.77,beginner,strength,strength,3,87.6,none,0
user_768,39,male,71.7,1.88,beginner,muscle_gain,weight_loss,2,33.0,dumbbells,0
user_769,38,female,57.7,1.56,advanced,general_fitness,general_fitness,5,98.39999999999999,"barbell,dumbbells",1
user_770,23,female,47.4,1.6,beginner,weight_loss,muscle_gain,3,45.6,none,0
user_771,18,female,57.2,1.75,intermediate,strength,muscle_gain,3,77.4,none,0
user_772,22,female,44.8,1.72,intermediate,muscle_gain,muscle_gain,4,88.8,"barbell,dumbbells",1
user_773,58,male,90.2,1.72,beginner,weight_loss,strength,2,54.0,"barbell,dumbbells",0
user_774,29,male,84.9,1.72,advanced,strength,weight_loss,4,107.4,full_gym,0
user_775,43,male,95.7,1.77,beginner,strength,muscle_gain,3,64.80000000000001,full_gym,0
user_776,51,male,59.0,1.65,intermediate,strength,endurance,3,73.2,none,0
user_777,31,female,60.5,1.77,advanced,strength,endurance,4,103.2,dumbbells,0
user_778,43,female,53.8,1.72,intermediate,endurance,muscle_gain,4,61.800000000000004,none,0
user_779,44,male,86.6,1.97,advanced,endurance,muscle_gain,5,99.6,full_gym,1
user_780,26,female,72.8,1.67,beginner,muscle_gain,general_fitness,2,82.2,dumbbells,1
user_781,43,female,66.3,1.77,intermediate,general_fitness,general_fitness,4,88.8,none,0
user_782,39,female,56.0,1.6,beginner,muscle_gain,endurance,2,53.4,dumbbells,0
user_783,47,male,45.9,1.93,intermediate,muscle_gain,muscle_gain,3,77.4,"barbell,dumbbells",0
user_784,34,male,88.0,1.64,advanced,endurance,strength,4,114.0,none,0
user_785,43,male,94.0,1.79,beginner,muscle_gain,endurance,2,78.60000000000001,"barbell,dumbbells",0
user_786,53,female,44.7,1.79,intermediate,muscle_gain,strength,3,80.4,dumbbells,0
user_787,18,male,63.2,1.63,beginner,endurance,endurance,3,39.6,full_gym,0
user_788,25,male,95.6,1.9,intermediate,weight_loss,strength,4,88.2,full_gym,0
user_789,52,male,47.8,1.86,intermediate,strength,muscle_gain,3,60.6,dumbbells,0
user_790,32,male,85.3,1.64,advanced,weight_loss,weight_loss,4,106.2,"barbell,dumbbells",0
user_791,39,male,59.7,1.83,intermediate,weight_loss,strength,4,81.0,"barbell,dumbbells",0
user_792,31,male,70.2,1.98,beginner,weight_loss,muscle_gain,2,42.599999999999994,full_gym,0
user_793,43,female,72.7,1.8,beginner,muscle_gain,weight_loss,3,47.400000000000006,"barbell,dumbbells",1
user_794,45,female,50.4,1.79,beginner,endurance,weight_loss,2,44.4,none,0
user_795,40,male,81.7,1.74,beginner,general_fitness,muscle_gain,2,54.6,"barbell,dumbbells",0
user_796,31,male,49.3,1.62,beginner,endurance,weight_loss,2,33.6,"barbell,dumbbells",0
user_797,41,female,61.9,1.64,advanced,weight_loss,general_fitness,4,115.8,full_gym,0
user_798,19,female,49.1,1.68,intermediate,endurance,muscle_gain,4,85.19999999999999,dumbbells,0
user_799,43,male,66.5,1.83,intermediate,general_fitness,strength,3,66.60000000000001,dumbbells,0
user_800,31,male,75.5,1.93,beginner,endurance,muscle_gain,2,36.0,full_gym,0
user_801,24,male,88.2,1.79,advanced,endurance,strength,4,105.6,dumbbells,0
user_802,20,male,74.8,1.75,intermediate,strength,weight_loss,3,79.80000000000001,"barbell,dumbbells",0
user_803,40,female,72.2,1.6,beginner,weight_loss,strength,3,52.2,full_gym,0
user_804,35,male,62.8,1.63,intermediate,general_fitness,muscle_gain,4,84.6,none,0
user_805,55,male,84.7,1.79,intermediate,weight_loss,endurance,3,71.39999999999999,full_gym,0
user_806,52,male,116.5,1.69,beginner,muscle_gain,weight_loss,2,31.8,none,0
user_807,32,male,77.4,1.92,intermediate,endurance,general_fitness,3,83.39999999999999,full_gym,0
user_808,42,female,72.9,1.62,intermediate,muscle_gain,endurance,4,70.19999999999999,full_gym,1
user_809,54,female,58.4,1.59,beginner,strength,general_fitness,2,64.80000000000001,"barbell,dumbbells",0
user_810,45,female,64.3,1.54,advanced,muscle_gain,general_fitness,4,100.19999999999999,full_gym,0
user_811,27,male,89.3,1.87,advanced,strength,muscle_gain,5,97.2,"barbell,dumbbells",0
user_812,56,male,90.2,1.61,intermediate,endurance,strength,3,82.8,"barbell,dumbbells",0
user_813,34,female,59.0,1.62,intermediate,general_fitness,muscle_gain,4,67.8,dumbbells,0
user_814,56,male,58.7,1.86,intermediate,general_fitness,general_fitness,3,65.4,none,0
user_815,39,male,127.5,1.82,intermediate,muscle_gain,muscle_gain,3,75.6,none,1
user_816,43,female,68.6,1.52,intermediate,general_fitness,endurance,4,85.19999999999999,none,0
user_817,42,female,56.7,1.53,beginner,strength,endurance,3,64.2,none,0
user_818,34,female,64.5,1.78,intermediate,general_fitness,weight_loss,4,79.80000000000001,none,1
user_819,30,female,61.6,1.52,advanced,endurance,weight_loss,4,106.8,none,0
user_820,37,male,75.1,1.82,intermediate,general_fitness,weight_loss,4,73.8,none,0
user_821,42,male,79.3,1.93,beginner,weight_loss,strength,2,73.2,"barbell,dumbbells",0
user_822,21,female,72.6,1.68,intermediate,strength,strength,3,71.39999999999999,none,0
user_823,27,male,76.7,1.7,beginner,general_fitness,endurance,3,57.599999999999994,dumbbells,0
user_824,20,female,44.2,1.61,beginner,strength,endurance,2,64.80000000000001,none,0
user_825,58,female,56.5,1.7,beginner,muscle_gain,general_fitness,2,44.4,"barbell,dumbbells",0
user_826,35,male,100.9,1.63,beginner,muscle_gain,endurance,2,66.0,full_gym,0
user_827,53,female,55.8,1.55,intermediate,weight_loss,general_fitness,4,67.2,full_gym,0
user_828,39,male,58.3,1.93,intermediate,endurance,muscle_gain,4,81.0,dumbbells,0
user_829,51,male,48.6,1.77,beginner,weight_loss,endurance,2,88.2,full_gym,0
user_830,25,male,81.7,1.95,advanced,muscle_gain,general_fitness,4,116.39999999999999,full_gym,1
user_831,57,male,85.6,1.69,advanced,strength,weight_loss,5,105.6,full_gym,0
user_832,36,female,60.0,1.72,advanced,strength,muscle_gain,5,97.8,full_gym,1
user_833,59,male,126.4,1.69,beginner,weight_loss,general_fitness,3,74.4,none,0
user_834,58,female,75.4,1.78,intermediate,endurance,weight_loss,4,63.0,dumbbells,0
user_835,54,female,64.2,1.69,advanced,endurance,weight_loss,4,101.39999999999999,dumbbells,0
user_836,23,female,65.2,1.62,intermediate,general_fitness,endurance,3,82.2,none,0
user_837,43,female,70.1,1.66,beginner,general_fitness,general_fitness,2,59.4,"barbell,dumbbells",0
user_838,51,male,102.6,1.77,beginner,strength,strength,2,72.6,"barbell,dumbbells",0
user_839,23,male,107.2,1.93,intermediate,muscle_gain,general_fitness,4,69.0,full_gym,0
user_840,54,female,56.5,1.75,advanced,weight_loss,muscle_gain,5,105.6,"barbell,dumbbells",0
user_841,50,female,61.6,1.75,intermediate,weight_loss,strength,4,73.2,full_gym,0
user_842,39,male,81.7,1.75,intermediate,weight_loss,strength,4,79.2,"barbell,dumbbells",0
user_843,38,female,76.6,1.58,beginner,weight_loss,general_fitness,2,44.4,dumbbells,0
user_844,23,male,116.8,1.79,intermediate,endurance,weight_loss,4,60.0,"barbell,dumbbells",0
user_845,23,female,60.1,1.59,advanced,strength,muscle_gain,4,108.0,dumbbells,0
user_846,21,male,93.7,1.73,beginner,strength,general_fitness,2,60.0,"barbell,dumbbells",0
user_847,47,female,41.6,1.58,intermediate,weight_loss,muscle_gain,4,61.800000000000004,none,0
user_848,28,female,55.1,1.79,advanced,endurance,endurance,5,119.4,full_gym,0
user_849,47,male,127.1,1.76,beginner,endurance,weight_loss,2,42.599999999999994,dumbbells,0
user_850,48,female,69.1,1.6,intermediate,weight_loss,muscle_gain,4,80.4,dumbbells,0
user_851,41,female,66.8,1.74,beginner,strength,endurance,3,80.4,none,0
user_852,26,male,125.5,1.76,intermediate,general_fitness,general_fitness,4,69.0,"barbell,dumbbells",0
user_853,20,female,71.3,1.58,intermediate,endurance,endurance,3,64.2,dumbbells,0
user_854,48,male,129.2,1.61,intermediate,endurance,strength,4,63.6,dumbbells,0
user_855,57,male,96.3,1.86,intermediate,muscle_gain,muscle_gain,3,66.0,full_gym,0
user_856,54,female,67.5,1.54,beginner,weight_loss,general_fitness,3,43.199999999999996,dumbbells,0
user_857,53,female,64.4,1.55,advanced,muscle_gain,strength,4,106.2,"barbell,dumbbells",0
user_858,41,female,64.9,1.57,intermediate,general_fitness,weight_loss,4,62.400000000000006,dumbbells,0
user_859,48,female,52.3,1.66,beginner,weight_loss,weight_loss,3,44.4,dumbbells,0
user_860,23,female,56.7,1.55,intermediate,general_fitness,strength,4,82.8,dumbbells,0
user_861,19,female,46.8,1.63,intermediate,general_fitness,endurance,4,81.0,dumbbells,0
user_862,37,female,70.3,1.77,beginner,general_fitness,weight_loss,2,60.6,none,1
user_863,45,male,80.8,1.76,advanced,general_fitness,muscle_gain,4,102.0,"barbell,dumbbells",0
user_864,28,female,56.0,1.5,advanced,weight_loss,strength,5,116.39999999999999,"barbell,dumbbells",0
user_865,21,male,101.2,1.84,beginner,endurance,endurance,2,78.0,"barbell,dumbbells",0
user_866,32,female,56.6,1.57,advanced,weight_loss,weight_loss,4,99.0,"barbell,dumbbells",0
user_867,23,female,40.9,1.75,beginner,general_fitness,general_fitness,3,49.199999999999996,dumbbells,0
user_868,47,male,127.8,1.65,beginner,strength,strength,2,46.2,dumbbells,0
user_869,55,female,49.3,1.76,beginner,endurance,general_fitness,2,76.8,full_gym,0
user_870,19,female,64.3,1.63,advanced,strength,strength,5,112.2,none,0
user_871,32,male,49.3,1.62,intermediate,endurance,strength,3,70.8,"barbell,dumbbells",0
user_872,28,female,63.0,1.62,beginner,strength,weight_loss,2,40.800000000000004,"barbell,dumbbells",0
user_873,25,female,41.1,1.67,intermediate,muscle_gain,strength,3,61.800000000000004,full_gym,0
user_874,43,female,40.5,1.74,intermediate,strength,strength,3,90.0,full_gym,0
user_875,22,male,71.0,1.62,beginner,muscle_gain,endurance,2,54.6,none,1
user_876,23,female,60.9,1.62,advanced,endurance,muscle_gain,5,95.4,"barbell,dumbbells",0
user_877,43,female,64.7,1.66,advanced,general_fitness,weight_loss,4,112.8,dumbbells,0
user_878,21,female,51.0,1.71,intermediate,strength,endurance,3,64.2,full_gym,1
user_879,36,female,57.7,1.77,advanced,endurance,strength,4,99.0,full_gym,0
user_880,37,male,76.9,1.82,intermediate,strength,muscle_gain,4,89.4,full_gym,0
user_881,50,male,80.5,1.77,advanced,strength,strength,4,111.0,dumbbells,0
user_882,37,female,73.3,1.74,intermediate,general_fitness,weight_loss,3,61.800000000000004,full_gym,0
user_883,29,female,49.0,1.57,intermediate,weight_loss,general_fitness,3,79.80000000000001,full_gym,1
user_884,18,male,114.5,1.97,beginner,endurance,general_fitness,3,61.800000000000004,dumbbells,0
user_885,43,male,81.0,1.78,advanced,muscle_gain,weight_loss,5,94.80000000000001,none,0
user_886,31,female,53.5,1.76,intermediate,weight_loss,muscle_gain,4,73.2,dumbbells,0
user_887,55,male,52.1,1.68,beginner,general_fitness,general_fitness,3,46.2,full_gym,0
user_888,54,female,70.1,1.52,beginner,muscle_gain,strength,2,45.6,"barbell,dumbbells",0
user_889,28,male,86.9,1.78,intermediate,muscle_gain,strength,4,77.4,"barbell,dumbbells",1
user_890,53,male,73.4,1.76,intermediate,muscle_gain,strength,3,65.4,"barbell,dumbbells",0
user_891,30,male,90.0,1.66,intermediate,strength,general_fitness,4,79.2,dumbbells,0
user_892,20,male,85.7,1.92,advanced,general_fitness,muscle_gain,5,103.2,full_gym,0
user_893,50,female,70.4,1.55,beginner,endurance,general_fitness,2,43.8,none,0
user_894,23,male,57.7,1.71,intermediate,weight_loss,muscle_gain,3,69.0,dumbbells,0
user_895,27,male,75.7,1.76,beginner,muscle_gain,endurance,3,40.800000000000004,none,0
user_896,22,female,61.8,1.52,advanced,weight_loss,endurance,5,109.80000000000001,full_gym,1
user_897,40,male,80.3,1.76,advanced,weight_loss,strength,5,97.8,dumbbells,0
user_898,27,male,104.3,1.68,intermediate,general_fitness,muscle_gain,3,76.8,full_gym,0
user_899,19,female,65.7,1.58,intermediate,muscle_gain,muscle_gain,3,87.6,"barbell,dumbbells",0
user_900,30,male,120.3,1.96,beginner,strength,endurance,2,39.6,none,1
user_901,57,female,51.9,1.57,intermediate,strength,strength,3,63.0,dumbbells,0
user_902,19,female,59.1,1.57,advanced,general_fitness,muscle_gain,5,99.0,full_gym,0
user_903,37,female,66.9,1.75,intermediate,weight_loss,general_fitness,4,82.8,dumbbells,0
user_904,18,female,66.9,1.75,beginner,muscle_gain,muscle_gain,2,56.4,dumbbells,0
user_905,54,male,78.7,1.66,intermediate,general_fitness,muscle_gain,3,85.19999999999999,none,1
user_906,26,female,62.4,1.61,advanced,weight_loss,weight_loss,4,112.8,dumbbells,1
user_907,34,male,102.1,1.71,beginner,general_fitness,general_fitness,2,57.599999999999994,"barbell,dumbbells",1
user_908,26,male,51.9,2.0,beginner,endurance,general_fitness,2,45.0,full_gym,0
user_909,28,male,58.3,2.0,intermediate,endurance,general_fitness,4,79.2,none,0
user_910,32,male,89.8,1.92,advanced,strength,strength,4,115.8,dumbbells,0
user_911,41,male,101.1,1.83,beginner,muscle_gain,endurance,2,47.400000000000006,none,0
user_912,55,male,118.6,1.72,beginner,strength,strength,3,46.2,"barbell,dumbbells",0
user_913,52,male,84.8,1.85,beginner,general_fitness,endurance,2,71.39999999999999,full_gym,0
user_914,47,male,80.0,1.77,beginner,endurance,strength,3,43.199999999999996,dumbbells,0
user_915,48,male,73.1,1.83,intermediate,muscle_gain,muscle_gain,4,63.0,"barbell,dumbbells",0
user_916,22,male,117.3,1.68,intermediate,weight_loss,muscle_gain,3,74.4,none,1
user_917,31,female,77.4,1.71,intermediate,general_fitness,muscle_gain,4,75.6,dumbbells,1
user_918,28,female,72.9,1.67,intermediate,weight_loss,endurance,3,67.8,full_gym,0
user_919,26,female,71.2,1.5,beginner,general_fitness,strength,2,69.0,full_gym,0
user_920,51,male,88.2,1.62,advanced,weight_loss,muscle_gain,4,93.60000000000001,none,1
user_921,29,female,75.6,1.8,intermediate,endurance,endurance,4,78.60000000000001,dumbbells,0
user_922,52,female,57.9,1.56,advanced,endurance,general_fitness,4,99.6,full_gym,0
user_923,52,female,70.6,1.58,intermediate,strength,strength,3,61.2,"barbell,dumbbells",1
user_924,18,male,118.6,1.64,beginner,muscle_gain,weight_loss,3,56.4,dumbbells,0
user_925,57,male,55.7,1.99,intermediate,muscle_gain,general_fitness,3,67.8,"barbell,dumbbells",0
user_926,39,male,102.3,1.94,beginner,general_fitness,strength,3,53.4,none,0
user_927,46,male,72.6,1.87,intermediate,strength,strength,4,78.60000000000001,dumbbells,0
user_928,25,female,63.8,1.68,beginner,strength,general_fitness,2,57.0,full_gym,0
user_929,28,female,67.3,1.67,beginner,muscle_gain,strength,3,36.6,none,0
user_930,58,female,59.3,1.58,advanced,endurance,endurance,4,118.2,"barbell,dumbbells",0
user_931,54,female,70.7,1.57,beginner,weight_loss,endurance,3,68.39999999999999,none,0
user_932,31,male,86.9,1.69,advanced,general_fitness,endurance,4,103.2,dumbbells,1
user_933,47,male,98.2,1.9,beginner,strength,weight_loss,3,45.6,full_gym,1
user_934,52,male,63.6,1.62,intermediate,strength,weight_loss,4,78.0,none,0
user_935,38,female,45.2,1.68,intermediate,strength,endurance,3,60.6,full_gym,0
user_936,54,male,117.2,1.62,intermediate,strength,weight_loss,4,62.400000000000006,dumbbells,0
user_937,22,male,107.4,1.74,beginner,strength,endurance,2,80.4,none,0
user_938,36,female,59.1,1.78,beginner,general_fitness,strength,2,51.0,none,0
user_939,31,female,53.3,1.64,beginner,weight_loss,strength,3,34.199999999999996,none,0
user_940,43,male,46.2,1.63,beginner,muscle_gain,weight_loss,2,70.8,full_gym,1
user_941,21,male,67.0,1.61,intermediate,general_fitness,weight_loss,3,79.2,full_gym,0
user_942,42,male,86.3,1.77,advanced,endurance,endurance,4,106.2,"barbell,dumbbells",0
user_943,59,male,85.5,1.67,advanced,general_fitness,weight_loss,5,119.4,none,0
user_944,42,male,70.2,1.87,intermediate,weight_loss,strength,3,82.8,"barbell,dumbbells",0
user_945,35,male,127.1,1.62,intermediate,endurance,weight_loss,4,61.2,dumbbells,0
user_946,57,female,75.6,1.67,intermediate,muscle_gain,weight_loss,3,63.0,"barbell,dumbbells",0
user_947,25,female,62.6,1.65,beginner,muscle_gain,general_fitness,3,72.0,full_gym,1
user_948,56,female,55.7,1.53,advanced,muscle_gain,muscle_gain,5,114.6,"barbell,dumbbells",1
user_949,57,male,96.1,1.74,intermediate,endurance,weight_loss,3,72.6,dumbbells,0
user_950,31,female,76.7,1.62,intermediate,general_fitness,strength,4,83.39999999999999,full_gym,0
user_951,49,male,57.2,1.89,beginner,muscle_gain,strength,2,68.39999999999999,dumbbells,0
user_952,55,male,69.9,1.81,intermediate,strength,weight_loss,4,72.0,full_gym,0
user_953,50,female,67.9,1.77,intermediate,general_fitness,general_fitness,3,61.800000000000004,full_gym,1
user_954,40,male,87.9,1.87,advanced,weight_loss,muscle_gain,5,117.6,"barbell,dumbbells",0
user_955,32,male,102.8,1.98,intermediate,muscle_gain,muscle_gain,3,74.4,none,0
user_956,50,female,51.8,1.5,beginner,general_fitness,general_fitness,3,79.2,dumbbells,0
user_957,42,female,57.7,1.57,advanced,strength,weight_loss,4,109.80000000000001,full_gym,0
user_958,34,female,66.5,1.69,beginner,muscle_gain,strength,3,48.6,none,1
user_959,50,male,95.4,1.61,intermediate,muscle_gain,muscle_gain,4,69.6,dumbbells,0
user_960,19,female,69.2,1.6,beginner,muscle_gain,endurance,3,70.19999999999999,full_gym,1
user_961,31,female,66.6,1.67,intermediate,endurance,strength,4,61.2,full_gym,0
user_962,57,male,83.4,1.65,advanced,strength,endurance,4,94.2,full_gym,0
user_963,57,female,43.8,1.75,beginner,weight_loss,muscle_gain,2,83.39999999999999,none,0
user_964,56,female,64.2,1.69,advanced,muscle_gain,weight_loss,5,119.4,dumbbells,0
user_965,23,female,44.1,1.62,beginner,muscle_gain,endurance,2,34.8,"barbell,dumbbells",0
user_966,23,male,87.3,1.91,advanced,muscle_gain,endurance,5,112.2,none,0
user_967,20,male,55.0,1.6,intermediate,muscle_gain,endurance,4,67.2,none,0
user_968,24,male,87.1,1.74,advanced,weight_loss,weight_loss,4,94.2,none,0
user_969,25,male,66.6,1.61,beginner,general_fitness,strength,2,82.8,"barbell,dumbbells",0
user_970,59,female,60.4,1.76,advanced,muscle_gain,weight_loss,5,103.2,dumbbells,0
user_971,32,male,126.4,1.83,intermediate,weight_loss,general_fitness,3,66.0,full_gym,0
user_972,46,male,88.7,1.63,beginner,strength,muscle_gain,2,45.0,dumbbells,0
